ten_co_so,dia_chi,quan_huyen,loai_hinh_co_so,so_gcn_attp,ngay_cap_gcn_attp,ten_chu_co_so,dien_thoai,ten_co_so_norm,dia_chi_norm,quan_huyen_norm
nha hang phuong đong - cong ty tnhh thuong mai va dich vu an phat đat,126-128-130 nguyen cong phuong,tp. quang ngai,dich vu an uong,01/2020/attp-cnđk,2020-01-09,phan huy vu,0903066990,nha hang phuong đong - cong ty tnhh thuong mai va dich vu an phat đat,126-128-130 nguyen cong phuong,tp. quang ngai
cong ty tnhh thuong mai dich vu hoa mai,bep an tap the - cong ty tnhh hoya lens viet nam - so 1 - đuong 8a - kcn viet nam - singapore -tinh phong,son tinh,bep an tap the,02/2020/attp-cnđk,2020-02-07,vo quang bao,028.62813383,cong ty tnhh thuong mai dich vu hoa mai,bep an tap the - cong ty tnhh hoya lens viet nam - so 1 - đuong 8a - kcn viet nam - singapore -tinh phong,son tinh
cong ty tnhh thuong mai dich vu hoa mai,bep an tap the - cong ty tnhh properwell viet nam - so 2 đai lo huu nghi - kcn viet nam - singapore -tinh phong,son tinh,bep an tap the,03/2020/attp-cnđk,2020-02-07,vo quang bao,028.62813383,cong ty tnhh thuong mai dich vu hoa mai,bep an tap the - cong ty tnhh properwell viet nam - so 2 đai lo huu nghi - kcn viet nam - singapore -tinh phong,son tinh
khach san đao ngoc ly son - cong ty co phan đao ngoc ly son,thon đong - an vinh,ly son,dich vu an uong,04/2020/attp-cnđk,2020-02-10,le van đai,0939444499,khach san đao ngoc ly son - cong ty co phan đao ngoc ly son,thon đong - an vinh,ly son
cong ty tnhh khai cat tan,195 phan boi chau,tp. quang ngai,dich vu an uong,05/2020/attp-cnđk,2020-02-11,nguyen van quy,0964. 005279,cong ty tnhh khai cat tan,195 phan boi chau,tp. quang ngai
co so san xuat nuoc uong đong chai le thanh,thon xuan an - xa nghia hoa,tu nghia,san xuat nuoc uong đong chai,06/2020/attp-cnđk,2020-02-12,le van luc,0986551337,co so san xuat nuoc uong đong chai le thanh,thon xuan an - xa nghia hoa,tu nghia
cong ty co phan thuong mai du lich ha my a,thon my thanh bac - nghia thuan,tu nghia,"kinh doanh dich vu an uong va giai khat, san xuat nuoc uong đong chai",07/2020/attp-cnđk,,nguyen van hai,0904060006,cong ty co phan thuong mai du lich ha my a,thon my thanh bac - nghia thuan,tu nghia
oasis night club – cong ty tnhh mtv ha tran,03 mac đinh chi,tp. quang ngai,kinh doanh dich vu an uong va giai khat,08/2020/attp-cnđk,,nguyen ly hung,0255.2223456,oasis night club – cong ty tnhh mtv ha tran,03 mac đinh chi,tp. quang ngai
cong ty co phan đau tu dich vu thuong mai tong hop an phat (nha hang my khe),thon co luy - xa tinh khe,tpqn,dich vu an uong,09/2020/attp-cnđk,2020-04-01,nguyen huu du,0255. 3843316,cong ty co phan đau tu dich vu thuong mai tong hop an phat (nha hang my khe),thon co luy - xa tinh khe,tpqn
ho kinh doanh vo thanh van,thon an điem 2 - binh chuong,binh son,san xuat nuoc uong đong chai va nuoc đa dung lien (đa vien),10/2020/attp-cnđk,,vo thanh van,0971355931,ho kinh doanh vo thanh van,thon an điem 2 - binh chuong,binh son
co so nuoc uong đong chai thien phuc,kdc 12 - thon phuoc son - xa đuc hiep,mo đuc,san xuat nuoc uong đong chai,11/2020/attp-cnđk,,le thi minh ngoc,0911292691,co so nuoc uong đong chai thien phuc,kdc 12 - thon phuoc son - xa đuc hiep,mo đuc
cua hang kfc big c quang ngai - quang ngai,shop 06/gf - trung tam thuong mai big c quang ngai - đuong ly thuong kiet - p. nghia chanh,tp. quang ngai,dich vu an uong,12/2020/attp-cnđk,,pornchai thuratum,0908171172,cua hang kfc big c quang ngai - quang ngai,shop 06/gf - trung tam thuong mai big c quang ngai - đuong ly thuong kiet - p. nghia chanh,tp. quang ngai
chi nhanh cong ty co phan thuong mai dich vu cong vang tai quang ngai - nha hang kichi kichi,lo 1f - shop 07 - trung tam thuong mai big c go quang ngai - đuong ly thuong kiet - p. nghia chanh,tp. quang ngai,dich vu an uong,13/2020/attp-cnđk,,ha thuc tu,0287300900,chi nhanh cong ty co phan thuong mai dich vu cong vang tai quang ngai - nha hang kichi kichi,lo 1f - shop 07 - trung tam thuong mai big c go quang ngai - đuong ly thuong kiet - p. nghia chanh,tp. quang ngai
nuoc uong đong chai chin nghia - cong ty tnhh chin nghia,đinh tien hoang - p. nghia chanh,tp. quang ngai,san xuat nuoc uong đong chai,14/2020/attp-cnđk,,nguyen chin,0255.3820820,nuoc uong đong chai chin nghia - cong ty tnhh chin nghia,đinh tien hoang - p. nghia chanh,tp. quang ngai
chi nhanh tra sua toco toco - cong ty tnhh cham soc suc khoe zataka,kiosk 03 - đuong ly thuong kiet - p. nghia chanh,tp. quang ngai,dich vu an uong,16/2020/attp-cnđk,2020-05-11,nguyen cong tung,0907659608,chi nhanh tra sua toco toco - cong ty tnhh cham soc suc khoe zataka,kiosk 03 - đuong ly thuong kiet - p. nghia chanh,tp. quang ngai
cong ty tnhh khi cong nghiep messer hai phong chi nhanh dung quat,thon tan hy - xa binh đong,binh son,san xuat phu gia thuc pham (khi ni to),17/2020/attp-cnđk,,anthony yohann grand piere,'0255.3871863,cong ty tnhh khi cong nghiep messer hai phong chi nhanh dung quat,thon tan hy - xa binh đong,binh son
cong ty tnhh mot thanh vien nha hang nhat anh,tdp phu vinh trung - tt cho chua,nghia hanh,dich vu an uong,18/2020/attp-cnđk,,vo nhat truong,0908897993,cong ty tnhh mot thanh vien nha hang nhat anh,tdp phu vinh trung - tt cho chua,nghia hanh
cua hang lotterai tai big c quang ngai,tang tret - sieu thi big c - đuong ly thuong kiet - phuong nghia chanh,tp. quang ngai,dich vu an uong,19/2020/attp-cnđk,2020-06-01,nguyen thanh tam,0255. 3703686,cua hang lotterai tai big c quang ngai,tang tret - sieu thi big c - đuong ly thuong kiet - phuong nghia chanh,tp. quang ngai
cong ty tnhh mot thanh vien thuong mai dich vu nguyen hien,63/13 tran hung đao - p. nguyen nghiem,tp. quang ngai,dich vu an uong,20/2020/attp-cnđk,2020-06-01,tran nguyen hien,0905207739,cong ty tnhh mot thanh vien thuong mai dich vu nguyen hien,63/13 tran hung đao - p. nguyen nghiem,tp. quang ngai
ho kinh doanh nguyen thuy,thon chau me - xa binh chau,binh son,san xuat nuoc uong đong chai,21/2020/attp-cnđk,2020-06-09,vo van hung,0399488452,ho kinh doanh nguyen thuy,thon chau me - xa binh chau,binh son
ocean blue convetion center - cong ty tnhh đai duong xanh,266 tran hung đao – p. nghia lo,tp. quang ngai,dich vu an uong,22/2020/attp-cnđk,2020-06-12,truong thi thu thuy,0255.2229999,ocean blue convetion center - cong ty tnhh đai duong xanh,266 tran hung đao – p. nghia lo,tp. quang ngai
bep an cong nghiep nha may xindadong - cong ty tnhh mtv tmdv sao thanh nghia,"batt cong ty tnhh xondadong textiles (viet nam) - so 1a, đuong 6a - kcn viet nam - singapore - xa tinh phong",son tinh,bep an tap the,26/2020/attp-cnđk,2020-07-10,pham ngoc lap,0255.3900900,bep an cong nghiep nha may xindadong - cong ty tnhh mtv tmdv sao thanh nghia,"batt cong ty tnhh xondadong textiles (viet nam) - so 1a, đuong 6a - kcn viet nam - singapore - xa tinh phong",son tinh
bep an van phong dung quat - chi nhanh cong ty tnhh san xuat thuong mai dich vu sao viet nam tai quang ngai,bep an khu van phong chinh - cong ty co phan thep hoa phat dung quat - khu kinh te dung quat - binh đong,binh son,bep an tap the,27/2020/attp-cnđk,2020-07-10,nguyen cuong,0983082419,bep an van phong dung quat - chi nhanh cong ty tnhh san xuat thuong mai dich vu sao viet nam tai quang ngai,bep an khu van phong chinh - cong ty co phan thep hoa phat dung quat - khu kinh te dung quat - binh đong,binh son
ho kinh doanh tran thi xuan,batt - cong ty tnhh htv gallant dachan seafood - lo ht 1 - kcn quang ngai - p. quang ngai,tp. quang ngai,bep an tap the,28/2020/attp-cnđk,,tran thi xuan,0973976996,ho kinh doanh tran thi xuan,batt - cong ty tnhh htv gallant dachan seafood - lo ht 1 - kcn quang ngai - p. quang ngai,tp. quang ngai
co so san xuat men ruou nhu huy,kdc so 11 - thon 3 - xa đuc nhuan,mo đuc,san xuat chat ho tro che bien (san xuat men ruou),29/2020/attp-cnđk,,le quang huy,0383731839,co so san xuat men ruou nhu huy,kdc so 11 - thon 3 - xa đuc nhuan,mo đuc
ho kinh doanh phuoc luy,thon tay an hai,ly son,san xuat nuoc uong đong chai va nuoc đa dung lien (đa vien),30/2020/attp-cnđk,,duong thi phuoc,01689093187,ho kinh doanh phuoc luy,thon tay an hai,ly son
co so san xuat nuoc uong đong chai sunshine,tdp phu binh trung - thi tran cho chua,nghia hanh,san xuat nuoc uong đong chai,31/2020/attp-cnđk,,vo duy ich,0975767892,co so san xuat nuoc uong đong chai sunshine,tdp phu binh trung - thi tran cho chua,nghia hanh
nha hang anh trang - cong ty tnhh mtv thuong mai tong hop va dich vu nguyet hang,to 5 - p. nghia chanh,tp. quang ngai,dich vu an uong,32/2020/attp-cnđk,,nguyen thi minh nguyet,0983745379,nha hang anh trang - cong ty tnhh mtv thuong mai tong hop va dich vu nguyet hang,to 5 - p. nghia chanh,tp. quang ngai
chi nhanh cong ty tnhh jollibee viet nam tai quang ngai,vi tri gf - 07 - tang tret sieu thi co.op mart quang ngai - hem 242 nguyen nghiem,tp. quang ngai,dich vu an uong,33/2020/attp-cnđk,,lam hong nguyen,0966375376,chi nhanh cong ty tnhh jollibee viet nam tai quang ngai,vi tri gf - 07 - tang tret sieu thi co.op mart quang ngai - hem 242 nguyen nghiem,tp. quang ngai
cong ty co phan dich vu tong hop dau khi vung tau - chi nhanh quang ngai - nha an he thong đien ge,bep an tap the - cong ty tnhh he thong đien ge viet nam - kkt dung quat - thon tuyet diem 3 - xa binh thuan,binh son,bep an tap the,34/2020/attp-cnđk,,huynh van ngan,0255. 3616719,cong ty co phan dich vu tong hop dau khi vung tau - chi nhanh quang ngai - nha an he thong đien ge,bep an tap the - cong ty tnhh he thong đien ge viet nam - kkt dung quat - thon tuyet diem 3 - xa binh thuan,binh son
cang tin dung quat - cong ty tnhh recruit vina,bep an tap the - cong ty tnhh cong nghiep nang doosan vina - tang 1 - khu c - cong ty doosan vina - thon tuyet diem - binh thuan,binh son,bep an tap the,35/2020/attp-cnđk,,lee roon hee,0904546879,cang tin dung quat - cong ty tnhh recruit vina,bep an tap the - cong ty tnhh cong nghiep nang doosan vina - tang 1 - khu c - cong ty doosan vina - thon tuyet diem - binh thuan,binh son
nha hang tiec cuoi the palace - cong ty tnhh hong thinh,thon long vinh - xa binh long,binh son,dich vu an uong,36/2020/attp-cnđk,,le thi anh hong,0919336144,nha hang tiec cuoi the palace - cong ty tnhh hong thinh,thon long vinh - xa binh long,binh son
cong ty tnhh thuong mai va dich vu binh son,thon đong lo - binh thuan,binh son,dich vu an uong,37/2020/attp-cnđk,,đo binh son,0255.3622999,cong ty tnhh thuong mai va dich vu binh son,thon đong lo - binh thuan,binh son
nuoc uong đong chai kt - ho kinh doanh vo thien vi,xom 3 - thon minh my - xa tinh bac,son tinh,san xuat nuoc uong đong chai,38/2020/attp-cnđk,,vo thien vi,0971119623,nuoc uong đong chai kt - ho kinh doanh vo thien vi,xom 3 - thon minh my - xa tinh bac,son tinh
hoa phat dung quat - cong ty co phan tap đoan stargate,batt - cong ty co phan thep hoa phat dung quat - kkt dung quat - binh đong,binh son,bep an tap the,39/2020/attp-cnđk,2020-11-05,nguyen tien thang,02439985886,hoa phat dung quat - cong ty co phan tap đoan stargate,batt - cong ty co phan thep hoa phat dung quat - kkt dung quat - binh đong,binh son
ho kinh doanh ngo tien du,thon vinh an - xa binh thanh,binh son,san xuat nuoc uong đong chai,40/2020/attp-cnđk,,ngo tien du,0973676476,ho kinh doanh ngo tien du,thon vinh an - xa binh thanh,binh son
đia điem kinh doanh - cong ty tnhh mtv tm dv sao thanh nghia,đoi 2 - thon the long - xa tinh phong,son tinh,cung cap suat an san va kinh doanh thuc pham,41/2020/attp-cnđk,2020-12-04,pham ngoc lap,0915405816,đia điem kinh doanh - cong ty tnhh mtv tm dv sao thanh nghia,đoi 2 - thon the long - xa tinh phong,son tinh
chi nhanh cong ty tnhh lotteria viet nam tai tinh quang ngai,117 b hung vuong - phuong tran phu,tp. quang ngai,dich vu an uong,42/2020/attp-cnđk,,lee woo jo,02553819999,chi nhanh cong ty tnhh lotteria viet nam tai tinh quang ngai,117 b hung vuong - phuong tran phu,tp. quang ngai
com nieu hoa sua - dntn com nieu hoa sua,28 nguyen khuyen - p. tran phu,tp. quang ngai,dich vu an uong,43/2020/attp-cnđk,,nguyen thi loan,'01645080739,com nieu hoa sua - dntn com nieu hoa sua,28 nguyen khuyen - p. tran phu,tp. quang ngai
quan pho - cong ty tnhh mtv my vi vien,236 nguyen tu tan - phuong tran phu,tp. quang ngai,dich vu an uong,44/2020/attp-cnđk,,đo thi phuong thao,0905872086,quan pho - cong ty tnhh mtv my vi vien,236 nguyen tu tan - phuong tran phu,tp. quang ngai
ho kinh doanh nguyen ngu,thon tay an hai,ly son,san xuat nuoc uong đong chai,45/2020/attp-cnđk,,nguyen ngu,02553867046,ho kinh doanh nguyen ngu,thon tay an hai,ly son
cong ty co phan hoang mai,thon đong lo - binh thuan,binh son,dich vu an uong,46/2020/attp-cnđk,,le thao khanh,0255.3618888 0938860595,cong ty co phan hoang mai,thon đong lo - binh thuan,binh son
ho kinh doanh lac tram,thon an binh - xa nghia ky,tu nghia,san xuat nuoc uong đong chai,47/2020/attp-cnđk,,đinh thi bich tram,0255.3618888,ho kinh doanh lac tram,thon an binh - xa nghia ky,tu nghia
cong ty tnhh mtv dich vu tuyet suong,cang tin benh vien san-nhi tinh quang ngai - 184 hung vuong,tp. quang ngai,dich vu an uong,01/2021/attp-cnđk,2021-01-12,nguyen thi tuyet suong,0255.3739838,cong ty tnhh mtv dich vu tuyet suong,cang tin benh vien san-nhi tinh quang ngai - 184 hung vuong,tp. quang ngai
ruby coffee - cong ty co phan đau tu tmdv thi pho center,thon phuoc thinh - xa đuc thanh,mo đuc,dich vu an uong,02/2021/attp-cnđk,,pham cong hieu,'0979376567,ruby coffee - cong ty co phan đau tu tmdv thi pho center,thon phuoc thinh - xa đuc thanh,mo đuc
đia điem kinh doanh - nha hang đia trung hai - cong ty tnhh tm lien phu hung,179 phan boi chau - phuong le hong phong,tp. quang ngai,dich vu an uong,03/2021/attp-cnđk,2021-02-02,tran thanh hoang,'0905600877,đia điem kinh doanh - nha hang đia trung hai - cong ty tnhh tm lien phu hung,179 phan boi chau - phuong le hong phong,tp. quang ngai
nha hang sake song - cong ty tnh mtv bao trang,lo b4 - p. tran phu,tp. quang ngai,dich vu an uong,04/2021/attp-cnđk,,nguyen thi tuyet trang,0225. 6521378,nha hang sake song - cong ty tnh mtv bao trang,lo b4 - p. tran phu,tp. quang ngai
river viewcoffee - cong ty tnhh đai duong xanh,"to dan pho lien hiep 2a, phuong truong quang trong",tp. quang ngai,dich vu an uong va giai khat,05/2021/attp-cnđk,,vo minh tuan,0984814735,river viewcoffee - cong ty tnhh đai duong xanh,"to dan pho lien hiep 2a, phuong truong quang trong",tp. quang ngai
ocean blue coffee - cong ty tnhh đai duong xanh,268 tran hung đao,tp. quang ngai,dich vu an uong va giai khat,06/2021/attp-cnđk,,vo minh tuan,0255. 3822695,ocean blue coffee - cong ty tnhh đai duong xanh,268 tran hung đao,tp. quang ngai
cong ty co phan thuong mai quoc hai ngoai - chi nhanh quang ngai,"bep an tap the - cong ty tnhh south sea leatherwares viet nam, 9-11, đuong 6a, khu cong nghiep viet nam- singapore, xa tinh phong, huyen son tinh, tinh quang ngai.",binh son,bep an tap the,07/2021/attp-cnđk,,nguyen minh hoang,0938207010,cong ty co phan thuong mai quoc hai ngoai - chi nhanh quang ngai,"bep an tap the - cong ty tnhh south sea leatherwares viet nam, 9-11, đuong 6a, khu cong nghiep viet nam- singapore, xa tinh phong, huyen son tinh, tinh quang ngai.",binh son
ho kinh doanh nguyen trung quoc,thon truong đinh - xa tinh khe,tp. quang ngai,san xuat nuoc uong đong chai va nuoc đa dung lien (đa vien),08/2021/attp-cnđk,,nguyen trung quoc,0918725786,ho kinh doanh nguyen trung quoc,thon truong đinh - xa tinh khe,tp. quang ngai
nha hang light star - cong ty tnhh thuong mai đai trung,01 ngo si lien - p. tran hung đao,tp. quang ngai,dich vu an uong,09/2021/attp-cnđk,,tran thanh trung,0255.3797878,nha hang light star - cong ty tnhh thuong mai đai trung,01 ngo si lien - p. tran hung đao,tp. quang ngai
nha hang thuy tien - cong ty tnhh mtv thuong mai trung duyen,63 cmt8 - p. nghia chanh,tp. quang ngai,dich vu an uong,10/2021/attp-cnđk,,pham thi nhu tam,0933401832,nha hang thuy tien - cong ty tnhh mtv thuong mai trung duyen,63 cmt8 - p. nghia chanh,tp. quang ngai
ho kinh doanh ngo van lien,thon my lai - xa tinh khe,tp. quang ngai,san xuat nuoc uong đong chai,11/2021/attp-cnđk,,ngo van lien,0388468122,ho kinh doanh ngo van lien,thon my lai - xa tinh khe,tp. quang ngai
nha hang hoa vien - cong ty tnhh mtv thuong mai dich vu binh duong,150 phan boi chau - p. le hong phong,tp. quang ngai,dich vu an uong,12/2021/attp-cnđk,2021-05-11,le thi phuong thao,0913 016 063,nha hang hoa vien - cong ty tnhh mtv thuong mai dich vu binh duong,150 phan boi chau - p. le hong phong,tp. quang ngai
quan tri ky - doanh nghiep tu nhan thuong mai thanh long,53 truong quang giao - p. nghia chanh,tp. quang ngai,dich vu an uong,13/2021/attp-cnđk,,truong trung thanh,0935102211,quan tri ky - doanh nghiep tu nhan thuong mai thanh long,53 truong quang giao - p. nghia chanh,tp. quang ngai
cong ty tnhh tmdv truong xuan phi ma,e2 ton đuc thang - p. quang phu,tp. quang ngai,dich vu an uong va giai khat,14/2021/attp-cnđk,,bui thanh tung,902405305,cong ty tnhh tmdv truong xuan phi ma,e2 ton đuc thang - p. quang phu,tp. quang ngai
trung tam tiec cuoi - hoi nghi diamond palace - cong ty tnhh dich vu phuc gia khang,05 ton đuc thang - p. tran phu,tp. quang ngai,dich vu an uong,15/2021/attp-cnđk,,nguyen ngoc phuong,0255 3815555,trung tam tiec cuoi - hoi nghi diamond palace - cong ty tnhh dich vu phuc gia khang,05 ton đuc thang - p. tran phu,tp. quang ngai
nha hang thung hai san - đai điem kinh doanh so 2 - cong ty co phan tmdv va đau tu binh an - cua hang vinamilk giac mo sua viet,thon đong - an vinh,ly son,dich vu an uong,16/2021/attp-cnđk,,cao nhat trung,0916762616,nha hang thung hai san - đai điem kinh doanh so 2 - cong ty co phan tmdv va đau tu binh an - cua hang vinamilk giac mo sua viet,thon đong - an vinh,ly son
cafe lao gia - đia điem kinh doanh cong ty co phan teva,to 1 - p. nghia lo,tp. quang ngai,dich vu an uong,17/2021/attp-cnđk,2021-06-02,bui thi kim oanh,0937386388,cafe lao gia - đia điem kinh doanh cong ty co phan teva,to 1 - p. nghia lo,tp. quang ngai
ho kinh doanh nuoc uong đong chai van tuong,xom nam - thon an loc - binh tri,binh son,san xuat nuoc uong đong chai,18/2021/attp-cnđk,2021-06-08,nguyen quoc viet,0913255579,ho kinh doanh nuoc uong đong chai van tuong,xom nam - thon an loc - binh tri,binh son
nha hang nui hum - cong ty tnhh mtv kinh doanh minh phuc,"tdp 2, thi tran la ha",tu nghia,dich vu an uong,19/2021/attp-cnđk,2021-06-11,luong van vi,0935 185 879,nha hang nui hum - cong ty tnhh mtv kinh doanh minh phuc,"tdp 2, thi tran la ha",tu nghia
co so san xuat nuoc đong binh th,"tdp vinh binh, p.pho ninh, thi xa đuc pho",đuc pho,san xuat nuoc uong đong chai,20/2021/attp-cnđk,,huynh van tan,0329622978,co so san xuat nuoc đong binh th,"tdp vinh binh, p.pho ninh, thi xa đuc pho",đuc pho
nha hang thuy duong - cong ty tnhh mtv dich vu thuong mai hoang tung,511/5 quang trung - phuong nguyen nghiem,tp. quang ngai,dich vu an uong,21/2021/attp-cnđk,,truong thi yen ly,0123 89 44009,nha hang thuy duong - cong ty tnhh mtv dich vu thuong mai hoang tung,511/5 quang trung - phuong nguyen nghiem,tp. quang ngai
khu du lich sa huynh - cong ty co phan sa huynh beach resort,thon tan loc - xa pho chau - thi xa đuc pho,đuc pho,dich vu an uong,22/2021/attp-cnđk,,tran ngoc chien,0255. 3860311,khu du lich sa huynh - cong ty co phan sa huynh beach resort,thon tan loc - xa pho chau - thi xa đuc pho,đuc pho
cong ty co phan vinaconex dung quat,thon tan an - binh tri,binh son,san xuat nuoc uong đong chai,23/2021/attp-cnđk,,nguyen hoang linh chau,0255.3616025,cong ty co phan vinaconex dung quat,thon tan an - binh tri,binh son
nha hang sam - cong ty tnhh dich vu thuong mai sam,01 huynh thuc khang - p. nghia lo,tp. quang ngai,dich vu an uong,24/2021/attp-cnđk,,vo tien hung,0935058877,nha hang sam - cong ty tnhh dich vu thuong mai sam,01 huynh thuc khang - p. nghia lo,tp. quang ngai
nha hang king76 - cong ty tnhh mtv thuong mai va dich vu king76,45 pham van đong - p. nghia chanh,tp. quang ngai,dich vu an uong,25/2021/attp-cnđk,,huynh quang vinh,0905060808,nha hang king76 - cong ty tnhh mtv thuong mai va dich vu king76,45 pham van đong - p. nghia chanh,tp. quang ngai
ho kinh doanh thien phu,thon nga man - xa pho cuong,đuc pho,san xuat nuoc uong đong chai,26/2021/attp-cnđk,2021-08-10,duong minh thien,0909844037,ho kinh doanh thien phu,thon nga man - xa pho cuong,đuc pho
cong ty tnhh pro life,đoi 5 - binh đong - tinh binh,son tinh,san xuat nuoc uong đong chai,27/2021/attp-cnđk,,le thanh thien,0983899643,cong ty tnhh pro life,đoi 5 - binh đong - tinh binh,son tinh
ho kinh doanh cao van ba,"thon la ha, xa nghia thuong",tu nghia,san xuat nuoc uong đong chai,28/2021/attp-cnđk,,cao van ba,0914. 060 649,ho kinh doanh cao van ba,"thon la ha, xa nghia thuong",tu nghia
đia điem kinh doanh chi nhanh cong ty tnhh jollibee viet nam tai quang ngai - cua hang thuc an nhanh jollibee vincom quang ngai,"l4-06 tang 4 - tttm vincom quang ngai, to hop tttm va nha pho shophouse, so 26, le thanh ton, p. nghia chanh",tp. quang ngai,dich vu an uong,29/2021/attp-cnđk,,lam hong nguyen,0943290992,đia điem kinh doanh chi nhanh cong ty tnhh jollibee viet nam tai quang ngai - cua hang thuc an nhanh jollibee vincom quang ngai,"l4-06 tang 4 - tttm vincom quang ngai, to hop tttm va nha pho shophouse, so 26, le thanh ton, p. nghia chanh",tp. quang ngai
chi nhanh cong ty co phandich vu ca phe cao nguyen tai quang ngai,"gian hang l1-04 va l1-04a, tang l1, trung tam thuong mai vincom quang ngai, 26 đuong le thanh ton, p. nghia chanh",tp. quang ngai,dich vu an uong,30/2021/attp-cnđk,2021-10-11,le thai anh,0907600177,chi nhanh cong ty co phandich vu ca phe cao nguyen tai quang ngai,"gian hang l1-04 va l1-04a, tang l1, trung tam thuong mai vincom quang ngai, 26 đuong le thanh ton, p. nghia chanh",tp. quang ngai
co so san xuat nuoc uong đong chai thien tien,đong binh - binh chanh,binh son,san xuat nuoc uong đong chai,31/2021/attp-cnđk,2021-10-12,đoan van thuc,0987650516,co so san xuat nuoc uong đong chai thien tien,đong binh - binh chanh,binh son
ho kinh doanh le van quang,lien tri - binh hiep,binh son,san xuat nuoc uong đong chai,32/2021/attp-cnđk,,le van quang,0935024111,ho kinh doanh le van quang,lien tri - binh hiep,binh son
đia điem kinh doanh - nha hang anchor - cong ty cp daiviet,"07 huynh thuc khang, phuong chanh lo",tp. quang ngai,dich vu an uong,33/2021/attp-cnđk,2021-12-09,pham tuan hung,0914784258,đia điem kinh doanh - nha hang anchor - cong ty cp daiviet,"07 huynh thuc khang, phuong chanh lo",tp. quang ngai
co so san xuat nguyen van minh,thon xuan yen - xa binh hiep,binh son,san xuat nuoc uong đong chai,34/2021/attp-cnđk,,nguyen van minh,0932435840,co so san xuat nguyen van minh,thon xuan yen - xa binh hiep,binh son
đia điem kinh doanh - bep an tap the - cong ty tnhh mtv thuong mai - dich vu tram nam,bep an tap the - cong ty tnhh xindadong textile (viet nam) - so 01 - đai lo huu nghi - kcn vsip - xa tinh phong,son tinh,bep an tap the,35/2021/attp-cnđk,,đoan phuong tung,01223033799,đia điem kinh doanh - bep an tap the - cong ty tnhh mtv thuong mai - dich vu tram nam,bep an tap the - cong ty tnhh xindadong textile (viet nam) - so 01 - đai lo huu nghi - kcn vsip - xa tinh phong,son tinh
co so san xuat huynh but,đoi 3 - my trang - pho cuong -,đuc pho,san xuat nuoc uong đong chai,36/2021/attp-cnđk,,huynh but,0984518141,co so san xuat huynh but,đoi 3 - my trang - pho cuong -,đuc pho
cong ty tnhh mtv tm hoang minh thu,"to 10, p. quang phu",tp. quang ngai,san xuat nuoc uong đong chai,37/2021/attp-cnđk,,hoang nguyen nguyet minh,914552825,cong ty tnhh mtv tm hoang minh thu,"to 10, p. quang phu",tp. quang ngai
đia điem kinh doanh - cong ty tnhh thuong mai dich vu hoa mai - foster qn,bep an tap the - cong ty tnhh đien tu foster quang ngai - lo c5-2 đuong so 5 - ccn tinh phong,son tinh,bep an tap the,38/2021/attp-cnđk,,vo quang bao,0975927056,đia điem kinh doanh - cong ty tnhh thuong mai dich vu hoa mai - foster qn,bep an tap the - cong ty tnhh đien tu foster quang ngai - lo c5-2 đuong so 5 - ccn tinh phong,son tinh
co so san xuat nuoc uong đong chai family,thon ngoc thach – xa tinh an,tp. quang ngai,san xuat nuoc uong đong chai,01/2022/attp-cnđk,2022-01-06,đang van thiet,0979611712,co so san xuat nuoc uong đong chai family,thon ngoc thach – xa tinh an,tp. quang ngai
co so san xuat nuoc uong đong chai viet hung long,to 2 - p. nghia lo,tp. quang ngai,san xuat nuoc uong đong chai,02/2022/attp-cnđk,,pham huynh van trieu,0914 391 779,co so san xuat nuoc uong đong chai viet hung long,to 2 - p. nghia lo,tp. quang ngai
đia điem kinh doanh so i – cong ty tnhh xay dung thuong mai dich vu win chien,01 ton đuc thang - p. le hong phong,tp. quang ngai,kinh doanh dich vu an uong va giai khat,04/2022/attp-cnđk,,nguyen van tinh,0988 180 191,đia điem kinh doanh so i – cong ty tnhh xay dung thuong mai dich vu win chien,01 ton đuc thang - p. le hong phong,tp. quang ngai
nha hang polopala - cong ty tnhh dich vu ha thu,lo b173 khu dan cu bau giang - cau moi - p. nghia lo,tp. quang ngai,dich vu an uong,05/2022/attp-cnđk,,vo van binh,0989867888,nha hang polopala - cong ty tnhh dich vu ha thu,lo b173 khu dan cu bau giang - cau moi - p. nghia lo,tp. quang ngai
đia điem kinh doanh cong ty tnhh đau tu kinh doanh phuong nam,bep an tap the - nha may luyen gang - cong ty co phan thep hoa phat dung quat - kkt dung quat - binh đong,binh son,bep an tap the,06/2022/attp-cnđk,2022-03-02,bui thi thu trang,0255.3836647,đia điem kinh doanh cong ty tnhh đau tu kinh doanh phuong nam,bep an tap the - nha may luyen gang - cong ty co phan thep hoa phat dung quat - kkt dung quat - binh đong,binh son
đia điem kinh doanh - bep an tap the (khu luyen gang thep hoa phat) - cong ty tnhh mot thanh vien thuong mai - dich vu tram nam,bep an tap the - nha may luyen thep - cong ty co phan thep hoa phat dung quat - kkt dung quat - binh đong,binh son,bep an tap the,07/2022/attp-cnđk,,đoan phuong tung,01223033799,đia điem kinh doanh - bep an tap the (khu luyen gang thep hoa phat) - cong ty tnhh mot thanh vien thuong mai - dich vu tram nam,bep an tap the - nha may luyen thep - cong ty co phan thep hoa phat dung quat - kkt dung quat - binh đong,binh son
đia điem kinh doanh - cong ty co phan thuong mai quoc te hai ngoai – chi nhanh quang ngai,bep an tap the - cong ty tnhh perennial cable (viet nam) - so 5 - đuong 6a - khu cong nghiep viet nam-singapore - tinh phong,son tinh,bep an tap the,08/2022/attp-cnđk,,nguyen minh hoang,0938207010,đia điem kinh doanh - cong ty co phan thuong mai quoc te hai ngoai – chi nhanh quang ngai,bep an tap the - cong ty tnhh perennial cable (viet nam) - so 5 - đuong 6a - khu cong nghiep viet nam-singapore - tinh phong,son tinh
đia điem kinh doanh cong ty tnhh thuong mai dich vu hoa mai - sumida qn,bep an tap the - cong ty tnhh đien tu sumida quang ngai - lo cn03 - đuong so 2 - kcn tinh phong,son tinh,bep an tap the,09/2022/attp-cnđk,,vo quang bao,0975927056,đia điem kinh doanh cong ty tnhh thuong mai dich vu hoa mai - sumida qn,bep an tap the - cong ty tnhh đien tu sumida quang ngai - lo cn03 - đuong so 2 - kcn tinh phong,son tinh
cong ty co phan dich vu tong hop dau khi vung tau - chi nhanh quang ngai,"bep an tap the nha may loc dau dung quat - cong ty co phan loc hoa dau binh son - thon phuoc hoa, xa binh tri,",binh son,bep an tap the,10/2022/attp-cnđk,,tran đuc hao,0255. 3616718,cong ty co phan dich vu tong hop dau khi vung tau - chi nhanh quang ngai,"bep an tap the nha may loc dau dung quat - cong ty co phan loc hoa dau binh son - thon phuoc hoa, xa binh tri,",binh son
nuoc uong đong chai sohawa - ho kinh doanh nguyen quy duong,tdp di lang - thi tran di lang,son ha,san xuat nuoc uong đong chai,11/2022/attp-cnđk,2022-04-01,nguyen quy duong,0917618 647,nuoc uong đong chai sohawa - ho kinh doanh nguyen quy duong,tdp di lang - thi tran di lang,son ha
co so san xuat nuoc uong đong chai vusa - pura,thon my lai - xa tinh khe,tp. quang ngai,san xuat nuoc uong đong chai,12/2022/attp-cnđk,2022-04-06,tran anh vu,0385224182; 01632485847,co so san xuat nuoc uong đong chai vusa - pura,thon my lai - xa tinh khe,tp. quang ngai
ho kinh doanh kieu chung,thon an hoi bac 2 - nghia ky,tu nghia,san xuat nuoc uong đong chai va nuoc đa dung lien (đa vien),13/2022/attp-cnđk,2022-04-06,truong kieu chung,0944255849,ho kinh doanh kieu chung,thon an hoi bac 2 - nghia ky,tu nghia
ca phe bonsai - cong ty tnhh sinh vat canh t.h,"182 truong chinh, to 8, phuong chanh lo",tp. quang ngai,dich vu an uong va giai khat,14/2022/attp-cnđk,2022-04-06,nguyen thi huu huong,0975471714,ca phe bonsai - cong ty tnhh sinh vat canh t.h,"182 truong chinh, to 8, phuong chanh lo",tp. quang ngai
nha hang king bbq - chi nhanh quang ngai - cong ty co phan đau tu thuong mai quoc te mat troi đo,"lo l4-03, tang 4, trung tam thuong mai vincom quang ngai, so 26, le thanh ton, phuong nghia chanh",tp. quang ngai,dich vu an uong,15/2022/attp-cnđk,,phan thi kim chi,028. 73094868,nha hang king bbq - chi nhanh quang ngai - cong ty co phan đau tu thuong mai quoc te mat troi đo,"lo l4-03, tang 4, trung tam thuong mai vincom quang ngai, so 26, le thanh ton, phuong nghia chanh",tp. quang ngai
ho kinh doanh ngoc nhi,thon tay an vinh,ly son,san xuat nuoc uong đong chai,16/2022/attp-cnđk,,tran hung,0979525365,ho kinh doanh ngoc nhi,thon tay an vinh,ly son
ho kinh doanh duong van an,thon tay an hai,ly son,san xuat nuoc uong đong chai,17/2022/attp-cnđk,,duong van an,01675028193,ho kinh doanh duong van an,thon tay an hai,ly son
ho kinh doanh vo van hanh,thon tay an vinh,ly son,san xuat nuoc uong đong chai va nuoc đa dung lien (đa vien),18/2022/attp-cnđk,,vo van hanh,0989391927,ho kinh doanh vo van hanh,thon tay an vinh,ly son
ho kinh doanh ngoc trai,thon đong an hai,ly son,san xuat nuoc uong đong chai,19/2022/attp-cnđk,,nguyen thi trinh,01628703706,ho kinh doanh ngoc trai,thon đong an hai,ly son
ho kinh doanh nuoc uong đong chai an hai,thon đong an hai,ly son,san xuat nuoc uong đong chai,20/2022/attp-cnđk,,truong tung,0978602228,ho kinh doanh nuoc uong đong chai an hai,thon đong an hai,ly son
ho kinh doanh nguyen thi kieu thu,121 le trung đinh (cong ty co phan may 28 quang ngai) - p. tran hung đao,tp. quang ngai,bep an tap the,21/2022/attp-cnđk,,nguyen thi kieu thu,0255.3816879,ho kinh doanh nguyen thi kieu thu,121 le trung đinh (cong ty co phan may 28 quang ngai) - p. tran hung đao,tp. quang ngai
nha hang tuan map sai gon - cong ty tnhh mtv kinh doanh va dich vu hao khang,166/35 hai ba trung,tp. quang ngai,dich vu an uong,22/2022/attp-cnđk,,pham hao thien,0903515118,nha hang tuan map sai gon - cong ty tnhh mtv kinh doanh va dich vu hao khang,166/35 hai ba trung,tp. quang ngai
ho kinh doanh phan thanh đo,thon ky tan - xa đuc loi,mo đuc,san xuat nuoc uong đong chai va nuoc đa dung lien (đa vien),24/2022/attp-cnđk,,phan thanh đo,0383504996 01683504996,ho kinh doanh phan thanh đo,thon ky tan - xa đuc loi,mo đuc
nha may san xuat nuoc uong đong chai đat vinh,thon 6 - đuc chanh,mo đuc,san xuat nuoc uong đong chai,25/2022/attp-cnđk,,vo van vinh,'0918297223,nha may san xuat nuoc uong đong chai đat vinh,thon 6 - đuc chanh,mo đuc
cocoland river beach resort & spa – chi nhanh cong ty tnhh phu đien,thon thu xa - xa nghia hoa,tu nghia,dich vu an uong,26/2022/attp-cnđk,2022-05-06,tran thi kim thanh,0915754445,cocoland river beach resort & spa – chi nhanh cong ty tnhh phu đien,thon thu xa - xa nghia hoa,tu nghia
quan ca phe happy cup - cong ty tnhh mtv happy cup,359 truong chinh - phuong chanh lo,tp. quang ngai,dich vu an uong,27/2022/attp-cnđk,2022-05-06,ho khac viet,0835577777,quan ca phe happy cup - cong ty tnhh mtv happy cup,359 truong chinh - phuong chanh lo,tp. quang ngai
co so san xuat nuoc uong đong chai nhat anh,to 15 - phuong chanh lo,tp. quang ngai,san xuat nuoc uong đong chai,28/2022/attp-cnđk,2022-05-06,ngo thi minh hien,0385930518,co so san xuat nuoc uong đong chai nhat anh,to 15 - phuong chanh lo,tp. quang ngai
nha hang hai đang - cong ty tnhh mtv kinh doanh thuong mai dich vu hai đang,128 ba trieu - p. le hong phong,tp. quang ngai,dich vu an uong,29/2022/attp-cnđk,,truong thi kim lien,0903987979,nha hang hai đang - cong ty tnhh mtv kinh doanh thuong mai dich vu hai đang,128 ba trieu - p. le hong phong,tp. quang ngai
đia điem kinh doanh vuon am thuc ong bay - cong ty tnhh đtxd-tmdv an phat,"to 3, phuong chanh lo",tp. quang ngai,dich vu an uong,30/2022/attp-cnđk,,vo thaanh giang,0816874455,đia điem kinh doanh vuon am thuc ong bay - cong ty tnhh đtxd-tmdv an phat,"to 3, phuong chanh lo",tp. quang ngai
đia điem kinh doanh - bo bien - cong ty tnhh thuong mai dich vu phat toan thanh,"02 ngo sy lien, phuong tran hung đao",tp. quang ngai,dich vu an uong,31/2022/attp-cnđk,,le hoang hieu,0383915579,đia điem kinh doanh - bo bien - cong ty tnhh thuong mai dich vu phat toan thanh,"02 ngo sy lien, phuong tran hung đao",tp. quang ngai
quan an gach đo - doanh nghiep tu nhan dich vu va thuong mai hua duong,đuong truong quang giao p. nghia chanh,tp. quang ngai,dich vu an uong,32/2022/attp-cnđk,,hua huy hau,0255. 3831948,quan an gach đo - doanh nghiep tu nhan dich vu va thuong mai hua duong,đuong truong quang giao p. nghia chanh,tp. quang ngai
ho kinh doanh nguyen thi nhanh,"thon 7, xa nghia lam",tu nghia,san xuat nuoc uong đong chai,33/2022/attp-cnđk,,nguyen thii nhanh,0868069779,ho kinh doanh nguyen thi nhanh,"thon 7, xa nghia lam",tu nghia
ho kinh doanh vt pure water,"thon chau binh, xa binh chau",binh son,san xuat nuoc uong đong chai,34/2022/attp-cnđk,2022-06-06,pham tinh,0973466179,ho kinh doanh vt pure water,"thon chau binh, xa binh chau",binh son
quan sake beer - cong ty tnhh mtv bao trang,204 phan boi chau - p. le hong phong,tpqn,dich vu an uong,35/2022/attp-cnđk,2022-06-10,nguyen thi tuyet trang,0255.6521378,quan sake beer - cong ty tnhh mtv bao trang,204 phan boi chau - p. le hong phong,tpqn
nha hang lam vien cat - doanh nghiep tu nhan van đa,166 phan boi chau - p. le hong phong,tpqn,dich vu an uong,36/2022/attp-cnđk,2022-06-10,nguyen thi thanh van,0938358630,nha hang lam vien cat - doanh nghiep tu nhan van đa,166 phan boi chau - p. le hong phong,tpqn
nuoc uong đong chai miđiwa - ho kinh doanh pham thanh son,vinh tra - binh thanh,binh son,san xuat nuoc uong đong chai,37/2022/attp-cnđk,,pham thanh son,0905226474 '0965 411 357,nuoc uong đong chai miđiwa - ho kinh doanh pham thanh son,vinh tra - binh thanh,binh son
cong ty tnhh cj cgv viet nam - chi nhanh quang ngai,"lau 3, lau 4 - so 26 đuong le thanh ton - p. nghia chanh",tp. quang ngai,dich vu an uong,38/2022/attp-cnđk,,ko jae soo,0255. 3714040,cong ty tnhh cj cgv viet nam - chi nhanh quang ngai,"lau 3, lau 4 - so 26 đuong le thanh ton - p. nghia chanh",tp. quang ngai
co so san xuat nuoc uong đong chai đong nhi,tho an điem 2 - xa binh chuong,binh son,san xuat nuoc uong đong chai,39/2022/attp-cnđk,2022-07-04,le thanh hai,0344527143,co so san xuat nuoc uong đong chai đong nhi,tho an điem 2 - xa binh chuong,binh son
nha hang que huong - que huong stop (cong ty tnhh xang dau nhat thanh),tdp an truong - p. pho ninh,đuc pho,dich vu an uong,40/2022/attp-cnđk,2022-07-06,le đinh nhien,0913470800; 0255. 6279999,nha hang que huong - que huong stop (cong ty tnhh xang dau nhat thanh),tdp an truong - p. pho ninh,đuc pho
doanh nghiep tu nhan bau nu 81,xom 5 - chau me - pho chau,đuc pho,dich vu an uong,41/2022/attp-cnđk,,nguyen thai,02553860235,doanh nghiep tu nhan bau nu 81,xom 5 - chau me - pho chau,đuc pho
nha hang ty tu - cong ty tnhh mtv ty tu,so 35 - đuong tra bong khoi nghia - phuong nghia chanh,tp. quang ngai,dich vu an uong,42/2022/attp-cnđk,,huynh ty bon,0905658058,nha hang ty tu - cong ty tnhh mtv ty tu,so 35 - đuong tra bong khoi nghia - phuong nghia chanh,tp. quang ngai
ho kinh doanh nguyen quoc cuong,"xom 4, thon tho tay, xa tinh tho",son tinh,san xuat nuoc uong đong chai va nuoc đa dung lien (đa vien),43/2022/attp-cnđk,,nguyen quoc cuong,0909283642',ho kinh doanh nguyen quoc cuong,"xom 4, thon tho tay, xa tinh tho",son tinh
ho kinh doanh oneta,"thon 1, xa nghia lam",tu nghia,san xuat nuoc uong đong chai,44/2022/attp-cnđk,2022-08-01,vo thi anh tuyet,0855522448,ho kinh doanh oneta,"thon 1, xa nghia lam",tu nghia
co so san xuat phuong vy,thon la ha 3 - xa nghia thuong,tu nghia,san xuat chat ho tro che bien (men ruou),45/2022/attp-cnđk,2022-08-11,nguyen van tri,0255845853,co so san xuat phuong vy,thon la ha 3 - xa nghia thuong,tu nghia
đia điem kinh doanh - co so tinh phong - cong ty tnhh mtv thuc pham quang minh phat,"đoi 4, thon the long - xa tinh phong",son tinh,kinh doanh dich vu an uong (cung cap suat an san),46/2022/attp-cnđk,2022-05-09,phan thi minh phuong,0905666323,đia điem kinh doanh - co so tinh phong - cong ty tnhh mtv thuc pham quang minh phat,"đoi 4, thon the long - xa tinh phong",son tinh
chi nhanh cong ty tnhh mot thanh vien thach bao ngoc tai tinh quang ngai,"thon tho trung, xa tinh tho",son tinh,kinh doanh dich vu an uong (cung cap suat an san),47/2022/attp-cnđk,2022-05-09,tran van duong,0912 478674,chi nhanh cong ty tnhh mot thanh vien thach bao ngoc tai tinh quang ngai,"thon tho trung, xa tinh tho",son tinh
đia điem kinh doanh - ca phe licko - cong ty tnhh ha tan xuan,39 tra bong khoi nghia - p. nghia chanh,tp. quang ngai,"dich vu an uong va giai khat, san xuat ca phe",48/2022/attp-cnđk,2022-12-09,tran thanh ha,0949577775,đia điem kinh doanh - ca phe licko - cong ty tnhh ha tan xuan,39 tra bong khoi nghia - p. nghia chanh,tp. quang ngai
cong ty tnhh mot thanh vien thac trang,"thon thuong đo, xa thanh an",minh long,dich vu an uong,49/2022/attp-cnđk,2022-12-09,le thien bao nguyen,702300742,cong ty tnhh mot thanh vien thac trang,"thon thuong đo, xa thanh an",minh long
nha hang long thanh - cong ty tnhh thao long thanh,"to 5, phuong le hong phong",tp. quang ngai,dich vu an uong,50/2022/attp-cnđk,,ly thu thao,0935343479,nha hang long thanh - cong ty tnhh thao long thanh,"to 5, phuong le hong phong",tp. quang ngai
doanh nghiep tu nhan the vinh,"thon tan loc, xa pho chau",đuc pho,dich vu an uong,51/2022/attp-cnđk,,le thi binh,0913400285 0905129097,doanh nghiep tu nhan the vinh,"thon tan loc, xa pho chau",đuc pho
fujikura - đia điem kinh doanh cong ty co phan thuong mai quoc te hai ngoai - chi nhanh quang ngai,lo cn-04 - kcn tinh phong - xa tinh phong (bep an tap the - chi nhanh cong ty tnhh fujikura automotive viet nam tai quang ngai ),son tinh,bep an tap the,52/2022/attp-cnđk,,nguyen minh hoang,02363.888.088,fujikura - đia điem kinh doanh cong ty co phan thuong mai quoc te hai ngoai - chi nhanh quang ngai,lo cn-04 - kcn tinh phong - xa tinh phong (bep an tap the - chi nhanh cong ty tnhh fujikura automotive viet nam tai quang ngai ),son tinh
nuoc uong đong chai ni va - ho kinh doanh tien đat,tan loc - pho chau,đuc pho,san xuat nuoc uong đong chai,53/2022/attp-cnđk,2022-05-10,ngo thanh chung,0909 980 890,nuoc uong đong chai ni va - ho kinh doanh tien đat,tan loc - pho chau,đuc pho
doanh nghiep tu nhan uyen trang,"the long, tinh phong",son tinh,kinh doanh dich vu an uong (cung cap suat an san),54/2022/attp-cnđk,,che thi uyen trang,0905.265.339,doanh nghiep tu nhan uyen trang,"the long, tinh phong",son tinh
đia điem kinh doanh - dich vu an uong thanh ca 1 - cong ty tnhh tm va dich vu an uong thanh ca,"so 03, đuong to huu, phuong tran phu",tp. quang ngai,dich vu an uong,55/2022/attp-cnđk,,nguyen van thanh,0909. 707899,đia điem kinh doanh - dich vu an uong thanh ca 1 - cong ty tnhh tm va dich vu an uong thanh ca,"so 03, đuong to huu, phuong tran phu",tp. quang ngai
cong ty tnhh đuc phu hai,"xom 17, thon trung hai, xa pho khanh",đuc pho,san xuat nuoc uong đong chai,56/2022/attp-cnđk,2022-01-11,nguyen van thuy,0255. 8587777,cong ty tnhh đuc phu hai,"xom 17, thon trung hai, xa pho khanh",đuc pho
co so san xuat nuoc uong đong chai phuoc lai,"thon 1, xa đuc chanh",mo đuc,san xuat nuoc uong đong chai,57/2022/attp-cnđk,2022-09-11,nguyen huu ngoc,0918550740,co so san xuat nuoc uong đong chai phuoc lai,"thon 1, xa đuc chanh",mo đuc
com ga nhung - cong ty tnhh đau tu phat trien du lich hung thinh,246 phan boi chau,tp. quang ngai,dich vu an uong,58/2022/attp-cnđk,2022-09-11,nguyen huu hoang,0983417777,com ga nhung - cong ty tnhh đau tu phat trien du lich hung thinh,246 phan boi chau,tp. quang ngai
co so san xuat va thuong mai thuy tien,"lo 217 nguyen khuyen, p. tran phu",tp. quang ngai,san xuat nuoc uong đong chai,59/2022/attp-cnđk,,vo trung dung,0255.3711111,co so san xuat va thuong mai thuy tien,"lo 217 nguyen khuyen, p. tran phu",tp. quang ngai
