stt,unnamed_1,so_bien_nhan,ngay_nhan,ngay_tra,ten_cong_tydoanh_nghiep,đia_chi,phuong_xa,quan_huyen,ten_san_pham,ten_co_so_sx,đia_chi_sx,phuong_sx,quan_huyen_sx,so_ban_cong_bo,ngay_hoan_thanh,ket_qua,tinh_thanh
1,,4042225373.0,2023-02-03,2023-02-14,CÔNG TY TNHH TUỆ ANH GLOBAL,231-233 Lê Thánh Tôn,Bến Thành,1,SẢN PHẨM DINH DƯỠNG CÔNG THỨC CHO TRẺ TỪ 0 THÁNG TUỔI ĐẾN 12 THÁNG TUỔI OPTIMOM,,"Số 31 đường 121, Ấp 5",Tân Thạnh Đông,Củ Chi,1,2023-02-08,Đạt,Ho Chi Minh
2,,,2023-02-02,2023-02-13,CÔNG TY CỔ PHẦN THỰC PHẨM DINH DƯỠNG KHÁNH HÒA,"Tầng 10, Tòa nhà Hoàng Việt, Số 34 Hoàng Việt",4,Tân Bình,SẢN PHẨM DINH DƯỠNG NUTRIKIDGROW (CHO TRẺ TỪ 1 - 10 TUỔI),,"Lô E, Đường số 2, Khu công nghiệp Đồng An",Bình Hòa,"Thành phố Thuận An, tỉnh Bình Dương",2,2023-02-08,Đạt,Ho Chi Minh
3,,4042227037.0,2023-02-06,2023-02-15,CÔNG TY TNHH SẢN XUẤT - THƯƠNG MẠI HI KI FOOD,"621/2/14 Khu phố 7, Hương lộ 2",Bình Trị Đông,Bình Tân,SẢN PHẨM DINH DƯỠNG CÔNG THỨC: GAIN COLOSTRUM 1+,,621/4/1/4 Hương lộ 2,Bình Trị Đông,Bình Tân,3,2023-02-09,Đạt,Ho Chi Minh
4,,4042227078.0,2023-02-27,2023-03-08,CÔNG TY TNHH MỘT THÀNH VIÊN PAPAFOOD,84E Nguyễn Đình Chiểu,Đa Kao ,1,SẢN PHẨM BÁNH ĂN DẶM PAPAPUFFS STARS,,135/28 + 135/30 đường Nguyễn Cửu Vân,17,Bình Thạnh,4,2023-03-03,,Ho Chi Minh
5,,4042227076.0,2023-02-27,2023-03-08,CÔNG TY TNHH MỘT THÀNH VIÊN PAPAFOOD,84E Nguyễn Đình Chiểu,Đa Kao ,1,SẢN PHẨM BÁNH ĂN DẶM PAPAPUFFS RINGS,,135/28 + 135/30 đường Nguyễn Cửu Vân,17,Bình Thạnh,5,2023-03-03,,Ho Chi Minh
6,,4042227075.0,2023-02-27,2023-03-08,CÔNG TY TNHH MỘT THÀNH VIÊN PAPAFOOD,84E Nguyễn Đình Chiểu,Đa Kao ,1,SẢN PHẨM BÁNH ĂN DẶM PAPAPUFFS FINGERS,,135/28 + 135/30 đường Nguyễn Cửu Vân,17,Bình Thạnh,6,2023-03-03,,Ho Chi Minh
7,,,2023-02-24,2023-03-07,CÔNG TY TNHH NOVA NUTRITION PHARMA,"Số 496/63, Lã Xuân Oai",Long Trường,Thủ Đức,SẢN PHẨM DINH DƯỠNG CÔNG THỨC CHO TRẺ TỪ 1-10 TUỔI MENDEL COLOSTRUM PEDIA,,"Số 496/63, Lã Xuân Oai",Long Trường,Thủ Đức,7,2023-03-03,,Ho Chi Minh
8,,,2023-02-27,2023-03-08,CÔNG TY TNHH NOVA NUTRITION PHARMA,"Số 496/63, Lã Xuân Oai",Long Trường,Thủ Đức,SẢN PHẨM DINH DƯỠNG CÔNG THỨC CHO TRẺ TỪ 1-15 TUỔI MENDEL COLOSTRUM GROW,,"Số 496/63, Lã Xuân Oai",Long Trường,Thủ Đức,8,2023-03-03,,Ho Chi Minh
9,,,2023-02-27,2023-03-08,CÔNG TY TNHH NOVA NUTRITION PHARMA,"Số 496/63, Lã Xuân Oai",Long Trường,Thủ Đức,SẢN PHẨM DINH DƯỠNG CÔNG THỨC CHO TRẺ TỪ 0-12 THÁNG TUỔI MENDEL COLOSTRUM INFANT,,"Số 496/63, Lã Xuân Oai",Long Trường,Thủ Đức,9,2023-03-03,,Ho Chi Minh
10,,,2023-02-28,2023-03-09,CÔNG TY TNHH THƯƠNG MẠI THỰC PHẨM DINH DƯỠNG XNK ADP GOLD,"476 Nguyễn Văn Khạ, ấp Phú Hiệp",Phú Hòa Đông,Củ Chi,SẢN PHẨM DINH DƯỠNG CÔNG THỨC NOLAN KIDS BABY CHO TRẺ TỪ 0-12 THÁNG TUỔI,,"472/2 Đường Nguyễn Văn Khạ, ấp Phú Hiệp",Phú Hòa Đông,Củ Chi,10,2023-03-03,,Ho Chi Minh
11,,,2023-02-28,2023-03-09,CÔNG TY TNHH THƯƠNG MẠI THỰC PHẨM DINH DƯỠNG XNK ADP GOLD,"476 Nguyễn Văn Khạ, ấp Phú Hiệp",Phú Hòa Đông,Củ Chi,SẢN PHẨM DINH DƯỠNG CÔNG THỨC NOLAN KIDS GAIN CHO TRẺ TỪ 1 TUỔI TRỞ LÊN,,"472/2 Đường Nguyễn Văn Khạ, ấp Phú Hiệp",Phú Hòa Đông,Củ Chi,11,2023-03-03,,Ho Chi Minh
12,,,2023-02-28,2023-03-09,CÔNG TY TNHH THƯƠNG MẠI THỰC PHẨM DINH DƯỠNG XNK ADP GOLD,"476 Nguyễn Văn Khạ, ấp Phú Hiệp",Phú Hòa Đông,Củ Chi,SẢN PHẨM DINH DƯỠNG CÔNG THỨC NOLAN KIDS PEDIA CHO TRẺ TỪ 1 - 10 TUỔI,,"472/2 Đường Nguyễn Văn Khạ, ấp Phú Hiệp",Phú Hòa Đông,Củ Chi,12,2023-03-03,,Ho Chi Minh
13,,,2023-03-03,2023-03-14,CÔNG TY CỔ PHẦN SẢN XUẤT THỰC PHẨM ANH KIM,"Lô III - 1B, Đường số 1, Nhóm CN III, KCN Tân Bình",Tây Thạnh ,Tân Phú,THỰC PHẨM DINH DƯỠNG CHÁO TƯƠI BỒ CÂU ĐẬU LĂNG CHÙM NGÂY,,"Lô III - 1B, Đường số 1, Nhóm CN III, KCN Tân Bình",Tây Thạnh ,Tân Phú,13,2023-03-07,,Ho Chi Minh
14,,,2023-03-03,2023-03-14,CÔNG TY CỔ PHẦN SẢN XUẤT THỰC PHẨM ANH KIM,"Lô III - 1B, Đường số 1, Nhóm CN III, KCN Tân Bình",Tây Thạnh ,Tân Phú,THỰC PHẨM DINH DƯỠNG CHÁO TƯƠI CÁ NGỪ ĐẠI DƯƠNG,,"Lô III - 1B, Đường số 1, Nhóm CN III, KCN Tân Bình",Tây Thạnh ,Tân Phú,14,2023-03-07,,Ho Chi Minh
15,,,2023-03-03,2023-03-14,CÔNG TY CỔ PHẦN SẢN XUẤT THỰC PHẨM ANH KIM,"Lô III - 1B, Đường số 1, Nhóm CN III, KCN Tân Bình",Tây Thạnh ,Tân Phú,THỰC PHẨM DINH DƯỠNG CHÁO TƯƠI HÀU CẢI BÓ XÔI,,"Lô III - 1B, Đường số 1, Nhóm CN III, KCN Tân Bình",Tây Thạnh ,Tân Phú,15,2023-03-07,,Ho Chi Minh
16,,,2023-03-03,2023-03-14,CÔNG TY CỔ PHẦN SẢN XUẤT THỰC PHẨM ANH KIM,"Lô III - 1B, Đường số 1, Nhóm CN III, KCN Tân Bình",Tây Thạnh ,Tân Phú,THỰC PHẨM DINH DƯỠNG CHÁO TƯƠI TIM HEO HẠT SEN,,"Lô III - 1B, Đường số 1, Nhóm CN III, KCN Tân Bình",Tây Thạnh ,Tân Phú,16,2023-03-07,,Ho Chi Minh
17,,,2023-03-09,2023-03-20,CÔNG TY TNHH THƯƠNG MẠI THỰC PHẨM DINH DƯỠNG XNK ADP GOLD,"476 Nguyễn Văn Khạ, Ấp Phú Hiệp",Phú Hòa Đông,Củ Chi,SẢN PHẨM DINH DƯỠNG CÔNG THỨC NOLAN KIDS GROW IQ CHO TRẺ TỪ 1-12 TUỔI,,"472/2 Đường Nguyễn Văn Khạ, ấp Phú Hiệp",Phú Hòa Đông,Củ Chi,17,2023-03-14,,Ho Chi Minh
18,,,2023-03-15,2023-03-24,CÔNG TY TNHH SẢN XUẤT THƯƠNG MẠI THỰC PHẨM DINH DƯỠNG NUTRILAC,"472/2 Đường Nguyễn Văn Khạ, ấp Phú Hiệp",Phú Hòa Đông,Củ Chi,SẢN PHẨM DINH DƯỠNG CÔNG THỨC DÀNH CHO TRẺ TỪ 1 - 10 TUỔI FOODPRO 100 COLOSTRUM PEDIA,,"472/2 Đường Nguyễn Văn Khạ, ấp Phú Hiệp",Phú Hòa Đông,Củ Chi,18,2023-03-21,,Ho Chi Minh
19,,4042226879.0,2023-03-16,2023-03-27,CÔNG TY CỔ PHẦN SẢN XUẤT - XUẤT NHẬP KHẨU THỰC PHẨM SÀI GÒN,37/9B Đường Quang Trung,10,Gò Vấp,SẢN PHẨM DINH DƯỠNG CÔNG THỨC DÀNH CHO TRẺ TỪ 1 - 12 TUỔI: ELLAC GROW 1+,,"Tổ 7, Ấp Bến Đò 2",Tân Phú Trung,Củ Chi,19,2023-03-21,,Ho Chi Minh
20,,,2023-03-22,2023-03-31,CÔNG TY CỔ PHẦN SÀI GÒN MILK,52D Trần Thủ Độ,Phú Thạnh,Tân Phú,SẢN PHẨM DINH DƯỠNG CÔNG THỨC DÀNH CHO TRẺ TỪ 0-12 THÁNG TUỔI OPTI KIDS MEDISURE,,"416 Nguyễn Thị Lắng, Ấp 1",Phước Vĩnh An,Củ Chi,20,2023-03-28,,Ho Chi Minh
21,,,2023-03-22,2023-03-31,CÔNG TY CỔ PHẦN SÀI GÒN MILK,52D Trần Thủ Độ,Phú Thạnh,Tân Phú,SẢN PHẨM DINH DƯỠNG CÔNG THỨC VỚI MỤC ĐÍCH ĂN BỔ SUNG DÀNH CHO TRẺ TỪ 01-17 TUỔI GROW MEDISURE,,"416 Nguyễn Thị Lắng, Ấp 1",Phước Vĩnh An,Củ Chi,21,2023-03-28,,Ho Chi Minh
22,,,2023-03-22,2023-03-31,CÔNG TY CỔ PHẦN SÀI GÒN MILK,52D Trần Thủ Độ,Phú Thạnh,Tân Phú,SẢN PHẨM DINH DƯỠNG CÔNG THỨC VỚI MỤC ĐÍCH ĂN BỔ SUNG DÀNH CHO TRẺ TỪ 01-15 TUỔI OPTI KIDS 3 MEDISURE,,"416 Nguyễn Thị Lắng, Ấp 1",Phước Vĩnh An,Củ Chi,22,2023-03-28,,Ho Chi Minh
23,,,2023-03-22,2023-03-31,CÔNG TY CỔ PHẦN SÀI GÒN MILK,52D Trần Thủ Độ,Phú Thạnh,Tân Phú,SẢN PHẨM DINH DƯỠNG CÔNG THỨC VỚI MỤC ĐÍCH ĂN BỔ SUNG DÀNH CHO TRẺ TỪ 06-36 TUỔI OPTI KIDS 2 MEDISURE,,"416 Nguyễn Thị Lắng, Ấp 1",Phước Vĩnh An,Củ Chi,23,2023-03-28,,Ho Chi Minh
24,,,2023-04-04,2023-04-13,CÔNG TY TNHH THƯƠNG MẠI DỊCH VỤ WINCARE FOOD,1366/9/3 Quốc lộ 1A,Thới An,12,SẢN PHẨM DINH DƯỠNG CÔNG THỨC OLIVIA BABY,,"Số 20 Đường 417, Tổ 6, Ấp 5",Phước Vĩnh An,Củ Chi,24,2023-04-07,,Ho Chi Minh
25,,,2023-04-04,2023-04-13,CÔNG TY TNHH THƯƠNG MẠI DỊCH VỤ WINCARE FOOD,1366/9/3 Quốc lộ 1A,Thới An,12,SẢN PHẨM DINH DƯỠNG CÔNG THỨC OLIVIA PEDIA,,"Số 20 Đường 417, Tổ 6, Ấp 5",Phước Vĩnh An,Củ Chi,25,2023-04-07,,Ho Chi Minh
26,,,2023-04-04,2023-04-13,CÔNG TY TNHH THƯƠNG MẠI DỊCH VỤ WINCARE FOOD,1366/9/3 Quốc lộ 1A,Thới An,12,SẢN PHẨM DINH DƯỠNG CÔNG THỨC OLIVIA KAO IQ,,"Số 20 Đường 417, Tổ 6, Ấp 5",Phước Vĩnh An,Củ Chi,26,2023-04-07,,Ho Chi Minh
27,,,2023-04-04,2023-04-13,CÔNG TY TNHH THƯƠNG MẠI DỊCH VỤ WINCARE FOOD,1366/9/3 Quốc lộ 1A,Thới An,12,SẢN PHẨM DINH DƯỠNG CÔNG THỨC ADELAC BABY GOLD,,"Số 20 Đường 417, Tổ 6, Ấp 5",Phước Vĩnh An,Củ Chi,27,2023-04-07,,Ho Chi Minh
28,,,2023-04-04,2023-04-13,CÔNG TY TNHH THƯƠNG MẠI DỊCH VỤ WINCARE FOOD,1366/9/3 Quốc lộ 1A,Thới An,12,SẢN PHẨM DINH DƯỠNG CÔNG THỨC ADELAC PEDIA+,,"Số 20 Đường 417, Tổ 6, Ấp 5",Phước Vĩnh An,Củ Chi,28,2023-04-07,,Ho Chi Minh
29,,,2023-04-04,2023-04-13,CÔNG TY TNHH THƯƠNG MẠI DỊCH VỤ WINCARE FOOD,1366/9/3 Quốc lộ 1A,Thới An,12,SẢN PHẨM DINH DƯỠNG CÔNG THỨC ADELAC KAO IQ,,"Số 20 Đường 417, Tổ 6, Ấp 5",Phước Vĩnh An,Củ Chi,29,2023-04-07,,Ho Chi Minh
30,,,2023-04-05,2023-04-17,CÔNG TY TNHH SẢN XUẤT THƯƠNG MẠI DỊCH VỤ LÊ MÂY,"10 Đường 23, Khu phố 2",An Khánh,Thủ Đức,SẢN PHẨM MÌ BABY SOMEN 5 VỊ NGŨ CỐC - BABY SOMEN 5 MIXED GRAIN,,920 Higashinango,Minami-Alps City,"Yamanashi, Nhật Bản",30,2023-04-07,,Ho Chi Minh
31,,,2023-04-05,2023-04-17,CÔNG TY TNHH SẢN XUẤT THƯƠNG MẠI DỊCH VỤ LÊ MÂY,"10 Đường 23, Khu phố 2",An Khánh,Thủ Đức,SẢN PHẨM MÌ BABY SOMEN VỊ KHOAI LANG - BABY SOMEN SWEET POTATO,,920 Higashinango,Minami-Alps City,"Yamanashi, Nhật Bản",31,2023-04-07,,Ho Chi Minh
32,,,2023-04-26,2023-05-11,CÔNG TY TNHH SẢN XUẤT THƯƠNG MẠI DỊCH VỤ LÊ MÂY,"10 Đường 23, Khu phố 2",An Khánh,Thủ Đức,SẢN PHẨM MÌ BABY SOMEN 5 VỊ RAU CỦ - BABY SOMEN 5 MIXED VEGETABLES,,920 Higashinango,Minami-Alps City,"Yamanashi, Nhật Bản",32,2023-04-28,,Ho Chi Minh
33,,,2023-04-24,2023-05-08,CÔNG TY CỔ PHẦN SÀI GÒN MILK,52D Trần Thủ Độ,Phú Thạnh,Tân Phú,SẢN PHẨM DINH DƯỠNG CÔNG THỨC VỚI MỤC ĐÍCH ĂN BỔ SUNG DÀNH CHO TRẺ TRÊN 1 TUỔI US COLOS GOLD KIDS OPTI,,"416 Nguyễn Thị Lắng, Ấp 1",Phước Vĩnh An,Củ Chi,33,2023-04-28,,Ho Chi Minh
34,,,2023-04-24,2023-05-08,CÔNG TY CỔ PHẦN SÀI GÒN MILK,52D Trần Thủ Độ,Phú Thạnh,Tân Phú,SẢN PHẨM DINH DƯỠNG CÔNG THỨC VỚI MỤC ĐÍCH ĂN BỔ SUNG DÀNH CHO TRẺ TỪ 01 - 10 TUỔI COLOSTRUM PEDIA GAIN,,"416 Nguyễn Thị Lắng, Ấp 1",Phước Vĩnh An,Củ Chi,34,2023-04-28,,Ho Chi Minh
35,,,2023-04-24,2023-05-08,CÔNG TY CỔ PHẦN SÀI GÒN MILK,52D Trần Thủ Độ,Phú Thạnh,Tân Phú,SẢN PHẨM DINH DƯỠNG CÔNG THỨC VỚI MỤC ĐÍCH ĂN BỔ SUNG DÀNH CHO TRẺ TRÊN 1 TUỔI COLOSTRUM OPTI,,"416 Nguyễn Thị Lắng, Ấp 1",Phước Vĩnh An,Củ Chi,35,2023-04-28,,Ho Chi Minh
36,,,2023-05-24,2023-06-02,CÔNG TY CỔ PHẦN THƯƠNG MẠI SẢN XUẤT TÂN ÚC VIỆT,"Lô 60, Đường số 2, Khu Công nghiệp Tân Tạo",Tân Tạo,Bình Tân,SẢN PHẨM DINH DƯỠNG CÔNG THỨC ARTI GAIN OPTI PREMIUM DÀNH CHO TRẺ TRÊN 2-10 TUỔI,,"Lô 60, Đường số 2, Khu Công nghiệp Tân Tạo",Tân Tạo,Bình Tân,36,2023-05-29,,Ho Chi Minh
37,,,2023-05-24,2023-06-02,CÔNG TY CỔ PHẦN THƯƠNG MẠI SẢN XUẤT TÂN ÚC VIỆT,"Lô 60, Đường số 2, Khu Công nghiệp Tân Tạo",Tân Tạo,Bình Tân,SẢN PHẨM DINH DƯỠNG CÔNG THỨC ARTI GAIN OPTI PREMIUM DÀNH CHO TRẺ TỪ 1-2 TUỔI,,"Lô 60, Đường số 2, Khu Công nghiệp Tân Tạo",Tân Tạo,Bình Tân,37,2023-05-29,,Ho Chi Minh
38,,,2023-06-12,2023-06-21,CÔNG TY TNHH ĐÔNG NAM DƯỢC BẢO LONG,"Số 02, đường 430, ấp 1",Phước Vĩnh An,Củ Chi,BỘT ĂN DẶM HUMABABY VỊ GẠO THƠM,,"Số 02, đường 430, ấp 1",Phước Vĩnh An,Củ Chi,38,2023-06-15,,Ho Chi Minh
39,,,2023-06-12,2023-06-21,CÔNG TY TNHH ĐÔNG NAM DƯỢC BẢO LONG,"Số 02, đường 430, ấp 1",Phước Vĩnh An,Củ Chi,"SẢN PHẨM BỘT ĂN DẶM HUMABABY VỊ BẮP, GẠO, YẾN MẠCH",,"Số 02, đường 430, ấp 1",Phước Vĩnh An,Củ Chi,39,2023-06-15,,Ho Chi Minh
40,,,2023-06-11,2023-06-23,CÔNG TY CỔ PHẦN THƯƠNG MẠI SẢN XUẤT TÂN ÚC VIỆT,"Lô 60, Đường số 2, Khu Công nghiệp Tân Tạo",Tân Tạo,Bình Tân,SẢN PHẨM DINH DƯỠNG CÔNG THỨC ARTI GAIN OPTI PREMIUM DÀNH CHO TRẺ TỪ 0-1 TUỔI,,"Lô 60, Đường số 2, Khu Công nghiệp Tân Tạo",Tân Tạo,Bình Tân,40,2023-06-19,,Ho Chi Minh
41,,,2023-06-16,2023-06-27,CÔNG TY TNHH DINH DƯỠNG THỰC PHẨM NANO RIGHT,26 Đường S3,Tây Thạnh ,Tân Phú,SẢN PHẨM DINH DƯỠNG CÔNG THỨC CHO TRẺ TỪ 0 - 12 THÁNG TUỔI BABY,,"48/15 đường 369, Tổ 5, Bàu Tre a",Tân An Hội,Củ Chi,41,2023-06-21,,Ho Chi Minh
42,,,2023-06-16,2023-06-27,CÔNG TY TNHH DINH DƯỠNG THỰC PHẨM NANO RIGHT,26 Đường S3,Tây Thạnh ,Tân Phú,SẢN PHẨM DINH DƯỠNG CÔNG THỨC CHO TRẺ TỪ 6 - 36 THÁNG TUỔI KIDS SURE,,"48/15 đường 369, Tổ 5, Bàu Tre a",Tân An Hội,Củ Chi,42,2023-06-21,,Ho Chi Minh
43,,,2023-06-16,2023-06-27,CÔNG TY TNHH DINH DƯỠNG THỰC PHẨM NANO RIGHT,26 Đường S3,Tây Thạnh ,Tân Phú,SẢN PHẨM DINH DƯỠNG CÔNG THỨC CHO TRẺ TỪ 1 - 15 TUỔI GROW IQ,,"48/15 đường 369, Tổ 5, Bàu Tre a",Tân An Hội,Củ Chi,43,2023-06-21,,Ho Chi Minh
44,,,2023-06-16,2023-06-27,CÔNG TY TNHH DƯỢC NUTRIPLUS,114/20 Đường số 18,Bình Hưng Hòa,Bình Tân,SẢN PHẨM DINH DƯỠNG CÔNG THỨC CHO TRẺ TỪ 1 TUỔI TRỞ LÊN STAPLUS IQ PEDIA,,"Thửa 1117 và 1121, Tờ bản đồ 21, Ấp Rừng Sến",Mỹ Hạnh Bắc,Đức Hòa - Long An,44,2023-06-21,,Ho Chi Minh
45,,,2023-06-16,2023-06-27,CÔNG TY TNHH THƯƠNG MẠI THỰC PHẨM DINH DƯỠNG XNK ADP GOLD,"476 Nguyễn Văn Khạ, Ấp Phú Hiệp",Phú Hòa Đông,Củ Chi,SẢN PHẨM DINH DƯỠNG CÔNG THỨC DHAGOLD PEDIA CHO TRẺ TỪ 1 - 10 TUỔI,,"472/2 Đường Nguyễn Văn Khạ, ấp Phú Hiệp",Phú Hòa Đông,Củ Chi,45,2023-06-21,,Ho Chi Minh
46,,,2023-06-16,2023-06-27,CÔNG TY TNHH THƯƠNG MẠI THỰC PHẨM DINH DƯỠNG XNK ADP GOLD,"476 Nguyễn Văn Khạ, Ấp Phú Hiệp",Phú Hòa Đông,Củ Chi,SẢN PHẨM DINH DƯỠNG CÔNG THỨC DHAGOLD GROW PLUS CHO TRẺ TỪ 1 - 12 TUỔI,,"472/2 Đường Nguyễn Văn Khạ, ấp Phú Hiệp",Phú Hòa Đông,Củ Chi,46,2023-06-21,,Ho Chi Minh
47,,,2023-06-16,2023-06-27,CÔNG TY TNHH THƯƠNG MẠI THỰC PHẨM DINH DƯỠNG XNK ADP GOLD,"476 Nguyễn Văn Khạ, Ấp Phú Hiệp",Phú Hòa Đông,Củ Chi,SẢN PHẨM DINH DƯỠNG CÔNG THỨC DHAGOLD GROW GAIN CHO TRẺ TỪ 1TRỞ LÊN,,"472/2 Đường Nguyễn Văn Khạ, ấp Phú Hiệp",Phú Hòa Đông,Củ Chi,47,2023-06-21,,Ho Chi Minh
48,,,2023-06-20,2023-06-29,CÔNG TY TNHH ĐÔNG NAM DƯỢC BẢO LONG,"Số 02, đường 430, ấp 1",Phước Vĩnh An,Củ Chi,"BỘT ĂN DẶM HUMABABY VỊ BÍ ĐỎ, ÓC CHÓ",,"Số 02, đường 430, ấp 1",Phước Vĩnh An,Củ Chi,48,2023-06-23,,Ho Chi Minh
49,,,2023-06-20,2023-06-29,CÔNG TY TNHH ĐÔNG NAM DƯỢC BẢO LONG,"Số 02, đường 430, ấp 1",Phước Vĩnh An,Củ Chi,"BỘT ĂN DẶM HUMABABY VỊ ÓC CHÓ, CÀ RỐT",,"Số 02, đường 430, ấp 1",Phước Vĩnh An,Củ Chi,49,2023-06-23,,Ho Chi Minh
50,TT,,2023-06-27,2023-07-06,CÔNG TY TNHH THƯƠNG MẠI VÀ DỊCH VỤ FD,"10/14/30 đường số 7, khu phố 2",Tam Bình,Thủ Đức,SỮA HẠT DINH DƯỠNG DÀNH CHO TRẺ NHỎ 1 - 15 TUỔI FD FOR BABY NUTRISH GROW,,Thôn Đồng Vàng,Phú Mãn,Quốc Oai - Hà Nội,50,2023-07-03,,Ho Chi Minh
51,TT,,2023-06-27,2023-07-06,CÔNG TY TNHH THƯƠNG MẠI VÀ DỊCH VỤ FD,"10/14/30 đường số 7, khu phố 2",Tam Bình,Thủ Đức,SẢN PHẨM DINH DƯỠNG DÀNH CHO TRẺ NHỎ 0 - 12 THÁNG TUỔI FD FOR BABY NUTRISH PLUS,,Thôn Đồng Vàng,Phú Mãn,Quốc Oai - Hà Nội,51,2023-07-03,,Ho Chi Minh
52,TT,,2023-08-15,,CÔNG TY TNHH THỰC PHẨM DINH DƯỠNG THẦN ĐỒNG VIỆT NAM ,Số 43 Đường 2D nối dài,An Lạc,Bình Tân,SẢN PHẨM DINH DƯỠNG SUPER KIDS PEDIA DÀNH CHO TRẺ TỪ 1-10 TUỔI,,116 ấp Hưng Hòa,Tân Khánh Trung ,"Lấp Vò, Tỉnh Đồng Tháp",52,2023-08-21,,Ho Chi Minh
53,TT,,2023-08-29,2023-09-11,CÔNG TY TNHH ĐÔNG NAM DƯỢC BẢO LONG,"Số 02, đường 430, ấp 1",Phước Vĩnh An,Củ Chi,BỘT ĂN DẶM HUMABABY TÔM CÀ RỐT,,"Số 02, đường 430, ấp 1",Phước Vĩnh An,Củ Chi,53,2023-09-06,,Ho Chi Minh
54,TT,,2023-08-29,2023-09-11,CÔNG TY TNHH ĐÔNG NAM DƯỢC BẢO LONG,"Số 02, đường 430, ấp 1",Phước Vĩnh An,Củ Chi,BỘT ĂN DẶM HUMABABY THỊT GÀ RAU CỦ,,"Số 02, đường 430, ấp 1",Phước Vĩnh An,Củ Chi,54,2023-09-06,,Ho Chi Minh
55,TT,,2023-08-29,2023-09-11,CÔNG TY TNHH ĐÔNG NAM DƯỢC BẢO LONG,"Số 02, đường 430, ấp 1",Phước Vĩnh An,Củ Chi,BỘT ĂN DẶM HUMABABY TRỨNG BÍ ĐỎ - BÓ XÔI,,"Số 02, đường 430, ấp 1",Phước Vĩnh An,Củ Chi,55,2023-09-06,,Ho Chi Minh
56,TT,,2023-08-29,2023-09-11,CÔNG TY TNHH ĐÔNG NAM DƯỢC BẢO LONG,"Số 02, đường 430, ấp 1",Phước Vĩnh An,Củ Chi,BỘT ĂN DẶM HUMABABY THỊT BÒ BÍ ĐỎ,,"Số 02, đường 430, ấp 1",Phước Vĩnh An,Củ Chi,56,2023-09-06,,Ho Chi Minh
57,TT,,2023-08-29,2023-09-11,CÔNG TY TNHH ĐÔNG NAM DƯỢC BẢO LONG,"Số 02, đường 430, ấp 1",Phước Vĩnh An,Củ Chi,"BỘT ĂN DẶM HUMABABY VỊ GẠO SỮA, HẠNH NHÂN",,"Số 02, đường 430, ấp 1",Phước Vĩnh An,Củ Chi,57,2023-09-06,,Ho Chi Minh
58,TT,,2023-09-07,2023-09-19,CHI NHÁNH CÔNG TY CỔ PHẦN TẬP ĐOÀN DINH DƯỠNG GREEN VIỆT NAM,104/23 Đường số 18,Bình Hưng Hòa,Bình Tân,SẢN PHẨM DINH DƯỠNG CÔNG THỨC CHO TRẺ TỪ 0-12 THÁNG TUỔI GREENGOLD COLOSTRUM ,,"Thửa 1117 và 1121, Tờ bản đồ 21, Ấp Rừng Sến",Mỹ Hạnh Bắc,Đức Hòa - Long An,58,2023-09-12,,Ho Chi Minh
59,TT,,2023-09-07,2023-09-19,CHI NHÁNH CÔNG TY CỔ PHẦN TẬP ĐOÀN DINH DƯỠNG GREEN VIỆT NAM,104/23 Đường số 18,Bình Hưng Hòa,Bình Tân,SẢN PHẨM DINH DƯỠNG CÔNG THỨC CHO TRẺ TỪ 1-15 TUỔI GREENGOLD DIGHEST,,"Thửa 1117 và 1121, Tờ bản đồ 21, Ấp Rừng Sến",Mỹ Hạnh Bắc,Đức Hòa - Long An,59,2023-09-12,,Ho Chi Minh
60,TT,,2023-09-07,2023-09-19,CHI NHÁNH CÔNG TY CỔ PHẦN TẬP ĐOÀN DINH DƯỠNG GREEN VIỆT NAM,104/23 Đường số 18,Bình Hưng Hòa,Bình Tân,SẢN PHẨM DINH DƯỠNG CÔNG THỨC CHO TRẺ TỪ 1-18 TUỔI GREENGOLD IQ GROW,,"Thửa 1117 và 1121, Tờ bản đồ 21, Ấp Rừng Sến",Mỹ Hạnh Bắc,Đức Hòa - Long An,60,2023-09-12,,Ho Chi Minh
61,TT,,2023-09-07,2023-09-19,CHI NHÁNH CÔNG TY CỔ PHẦN TẬP ĐOÀN DINH DƯỠNG GREEN VIỆT NAM,104/23 Đường số 18,Bình Hưng Hòa,Bình Tân,SẢN PHẨM DINH DƯỠNG CÔNG THỨC CHO TRẺ TỪ 1 TUỔI TRỞ LÊN GREENGOLD WEIGHT GAIN,,"Thửa 1117 và 1121, Tờ bản đồ 21, Ấp Rừng Sến",Mỹ Hạnh Bắc,Đức Hòa - Long An,61,2023-09-12,,Ho Chi Minh
62,BĐ,,2023-09-07,2023-09-19,CÔNG TY CỔ PHẦN SÀI GÒN FOOD,"Lô C24-24B/II, C25/II, Đường 2F, Khu công nghiệp Vĩnh Lộc",Vĩnh Lộc A,Bình Chánh,"THỰC PHẨM DINH DƯỠNG: CHÁO TƯƠI BÒ, ĐẬU HÀ LAN & CÀ RỐT",,"Lô C13 - C14/II, Đường 2F, Khu công nghiệp Vĩnh Lộc",Vĩnh Lộc A,Bình Chánh,62,2023-09-12,,Ho Chi Minh
63,BĐ,,2023-09-07,2023-09-19,CÔNG TY CỔ PHẦN SÀI GÒN FOOD,"Lô C24-24B/II, C25/II, Đường 2F, Khu công nghiệp Vĩnh Lộc",Vĩnh Lộc A,Bình Chánh,THỰC PHẨM DINH DƯỠNG: CHÁO TƯƠI CÁ HỒI & CẢI BÓ XÔI,,"Lô C13 - C14/II, Đường 2F, Khu công nghiệp Vĩnh Lộc",Vĩnh Lộc A,Bình Chánh,63,2023-09-12,,Ho Chi Minh
64,TT,,2023-09-08,2023-09-19,CÔNG TY TNHH ĐÔNG NAM DƯỢC BẢO LONG,"Số 02, đường 430, ấp 1",Phước Vĩnh An,Củ Chi,BỘT ĂN DẶM HUMABABY THỊT HEO BÓ XÔI,,"Số 02, đường 430, ấp 1",Phước Vĩnh An,Củ Chi,64,2023-09-14,,Ho Chi Minh
65,,,2023-09-22,2023-10-03,CÔNG TY CỔ PHẦN ĐẦU TƯ PHÁT TRIỂN VÀ SẢN XUẤT SAC,256/45/17 Liên khu 4-5,Bình Hưng Hòa B,Bình Tân,SẢN PHẨM DINH DƯỠNG GRAND GROW IQ DÀNH CHO TRẺ TỪ 1 TUỔI TRỞ LÊN,,F5/2B Ấp 6,Vĩnh Lộc A,Bình Chánh,65,2023-09-27,,Ho Chi Minh
66,,,2023-09-25,2023-10-04,CÔNG TY CỔ PHẦN ĐẦU TƯ PHÁT TRIỂN VÀ SẢN XUẤT SAC,256/45/17 Liên khu 4-5,Bình Hưng Hòa B,Bình Tân,SẢN PHẨM DINH DƯỠNG CÔNG THỨC CHO TRẺ TỪ 0-12 THÁNG TUỔI MEJIKO GOLD BABY,,F5/2B Ấp 6,Vĩnh Lộc A,Bình Chánh,66,2023-09-27,,Ho Chi Minh
67,,,2023-09-25,2023-10-04,CÔNG TY CỔ PHẦN ĐẦU TƯ PHÁT TRIỂN VÀ SẢN XUẤT SAC,256/45/17 Liên khu 4-5,Bình Hưng Hòa B,Bình Tân,SẢN PHẨM DINH DƯỠNG CÔNG THỨC CHO TRẺ TỪ 6-36 THÁNG TUỔI MEJIKO GOLD KIDS,,F5/2B Ấp 6,Vĩnh Lộc A,Bình Chánh,67,2023-09-27,,Ho Chi Minh
68,,,2023-09-25,2023-10-04,CÔNG TY CỔ PHẦN ĐẦU TƯ PHÁT TRIỂN VÀ SẢN XUẤT SAC,256/45/17 Liên khu 4-5,Bình Hưng Hòa B,Bình Tân,SẢN PHẨM DINH DƯỠNG CÔNG THỨC CHO TRẺ TỪ 1-15 TUỔI MEJIKO GOLD PEDIA,,F5/2B Ấp 6,Vĩnh Lộc A,Bình Chánh,68,2023-09-27,,Ho Chi Minh
69,,,2023-09-25,2023-10-04,CÔNG TY CỔ PHẦN ĐẦU TƯ PHÁT TRIỂN VÀ SẢN XUẤT SAC,256/45/17 Liên khu 4-5,Bình Hưng Hòa B,Bình Tân,SẢN PHẨM DINH DƯỠNG CÔNG THỨC CHO TRẺ TỪ 1-18 TUỔI MEJIKO GOLD GROW IQ,,F5/2B Ấp 6,Vĩnh Lộc A,Bình Chánh,69,2023-09-27,,Ho Chi Minh
70,,,2023-09-25,2023-10-04,CÔNG TY CỔ PHẦN ĐẦU TƯ PHÁT TRIỂN VÀ SẢN XUẤT SAC,256/45/17 Liên khu 4-5,Bình Hưng Hòa B,Bình Tân,SẢN PHẨM DINH DƯỠNG CÔNG THỨC CHO TRẺ TỪ 1 TUỔI TRỞ LÊN MEJIKO GOLD WEIGHT GAIN,,F5/2B Ấp 6,Vĩnh Lộc A,Bình Chánh,70,2023-09-27,,Ho Chi Minh
71,,,2023-10-13,2023-10-24,CÔNG TY TNHH THƯƠNG MẠI THỰC PHẨM DINH DƯỠNG XNK ADP GOLD,"476 Nguyễn Văn Khạ, Ấp Phú Hiệp",Phú Hòa Đông,Củ Chi,SẢN PHẨM DINH DƯỠNG DHAGOLD BABY CHO TRẺ TỪ 0-12 THÁNG TUỔI,,"472/2 Đường Nguyễn Văn Khạ, ấp Phú Hiệp",Phú Hòa Đông,Củ Chi,71,2023-10-19,,Ho Chi Minh
72,,,2023-10-13,2023-10-24,CÔNG TY TNHH THƯƠNG MẠI THỰC PHẨM DINH DƯỠNG XNK ADP GOLD,"476 Nguyễn Văn Khạ, Ấp Phú Hiệp",Phú Hòa Đông,Củ Chi,SẢN PHẨM DINH DƯỠNG SAKURA BABY CHO TRẺ TỪ 0-12 THÁNG TUỔI,,"472/2 Đường Nguyễn Văn Khạ, ấp Phú Hiệp",Phú Hòa Đông,Củ Chi,72,2023-10-19,,Ho Chi Minh
73,,,2023-10-16,2023-10-25,CÔNG TY TNHH THƯƠNG MẠI THỰC PHẨM DINH DƯỠNG XNK ADP GOLD,"476 Nguyễn Văn Khạ, Ấp Phú Hiệp",Phú Hòa Đông,Củ Chi,SẢN PHẨM DINH DƯỠNG SAKURA KAO IQ CHO TRẺ TỪ 1-12 TUỔI,,"472/2 Đường Nguyễn Văn Khạ, ấp Phú Hiệp",Phú Hòa Đông,Củ Chi,73,2023-10-19,,Ho Chi Minh
74,,,2023-10-16,2023-10-25,CÔNG TY TNHH THƯƠNG MẠI THỰC PHẨM DINH DƯỠNG XNK ADP GOLD,"476 Nguyễn Văn Khạ, Ấp Phú Hiệp",Phú Hòa Đông,Củ Chi,SẢN PHẨM DINH DƯỠNG SAKURA DIGEST CHO TRẺ TỪ 6 THÁNG TUỔI - 6 TUỔI,,"472/2 Đường Nguyễn Văn Khạ, ấp Phú Hiệp",Phú Hòa Đông,Củ Chi,74,2023-10-19,,Ho Chi Minh
75,,,2023-10-16,2023-10-25,CÔNG TY TNHH THƯƠNG MẠI THỰC PHẨM DINH DƯỠNG XNK ADP GOLD,"476 Nguyễn Văn Khạ, Ấp Phú Hiệp",Phú Hòa Đông,Củ Chi,SẢN PHẨM DINH DƯỠNG SAKURA GAIN CHO TRẺ TỪ 1 TUỔI TRỞ LÊN,,"472/2 Đường Nguyễn Văn Khạ, ấp Phú Hiệp",Phú Hòa Đông,Củ Chi,75,2023-10-19,,Ho Chi Minh
76,,,2023-10-16,2023-10-25,CÔNG TY TNHH THƯƠNG MẠI THỰC PHẨM DINH DƯỠNG XNK ADP GOLD,"476 Nguyễn Văn Khạ, Ấp Phú Hiệp",Phú Hòa Đông,Củ Chi,SẢN PHẨM DINH DƯỠNG SAKURA PEDIA CHO TRẺ TỪ 1-10 TUỔI,,"472/2 Đường Nguyễn Văn Khạ, ấp Phú Hiệp",Phú Hòa Đông,Củ Chi,76,2023-10-19,,Ho Chi Minh
77,,,2023-10-11,2023-10-20,CÔNG TY TNHH DƯỢC NUTRIPLUS,114/20 Đường số 18,Bình Hưng Hòa,Bình Tân,SẢN PHẨM DINH DƯỠNG CÔNG THỨC CHO TRẺ TỪ 1 TUỔI TRỞ LÊN STABLÉ PEDIA IQ,,"Thửa 1117 và 1121, Tờ bản đồ 21, Ấp Rừng Sến",Mỹ Hạnh Bắc,Đức Hòa - Long An,77,2023-10-24,,Ho Chi Minh
78,,,2023-10-24,2023-11-02,CÔNG TY TNHH XUẤT NHẬP KHẨU PHARMA KIDS,160/43 Phan Huy Ích,12,Gò Vấp,SẢN PHẨM DINH DƯỠNG DÀNH CHO TRẺ TỪ 1 - 10 TUỔI GOODLIFE GROW PLUS,,"116, ấp Hưng Hòa",Tân Khánh Trung ,"Lấp Vò, Tỉnh Đồng Tháp",78,2023-10-27,,Ho Chi Minh
79,,,2023-10-24,2023-11-02,CÔNG TY TNHH XUẤT NHẬP KHẨU PHARMA KIDS,160/43 Phan Huy Ích,12,Gò Vấp,SẢN PHẨM DINH DƯỠNG DÀNH CHO TRẺ TỪ 1 - 10 TUỔI GOODLIFE PEDIA PLUS,,"116, ấp Hưng Hòa",Tân Khánh Trung ,"Lấp Vò, Tỉnh Đồng Tháp",79,2023-10-27,,Ho Chi Minh
80,,,2023-10-24,2023-11-02,CÔNG TY TNHH XUẤT NHẬP KHẨU PHARMA KIDS,160/43 Phan Huy Ích,12,Gò Vấp,SẢN PHẨM DINH DƯỠNG DÀNH CHO TRẺ TỪ 0 - 12 THÁNG TUỔI GOODLIFE NEW BORN,,"116, ấp Hưng Hòa",Tân Khánh Trung ,"Lấp Vò, Tỉnh Đồng Tháp",80,2023-10-27,,Ho Chi Minh
81,,,2023-11-03,2023-11-14,CÔNG TY TNHH THƯƠNG MẠI DỊCH VỤ WINCARE FOOD,1366/9/3 Quốc lộ 1A,Thới An,12,SẢN PHẨM DINH DƯỠNG NUTRISURE CAO IQ,,"Số 20 Đường 417, Tổ 6, Ấp 5",Phước Vĩnh An,Củ Chi,81,2023-11-07,,Ho Chi Minh
82,,,2023-11-03,2023-11-15,CÔNG TY TNHH XUẤT NHẬP KHẨU PHARMA KIDS,160/43 Phan Huy Ích,12,Gò Vấp,SẢN PHẨM DINH DƯỠNG DÀNH CHO TRẺ TỪ 0 - 12 TUỔI PHARMAKIDS BABY,,"116, ấp Hưng Hòa",Tân Khánh Trung ,"Lấp Vò, Tỉnh Đồng Tháp",82,2023-11-08,,Ho Chi Minh
83,,,2023-11-03,2023-11-15,CÔNG TY TNHH XUẤT NHẬP KHẨU PHARMA KIDS,160/43 Phan Huy Ích,12,Gò Vấp,SẢN PHẨM DINH DƯỠNG DÀNH CHO TRẺ TỪ 1 - 10 TUỔI PHARMAKIDS PEDIA,,"116, ấp Hưng Hòa",Tân Khánh Trung ,"Lấp Vò, Tỉnh Đồng Tháp",83,2023-11-08,,Ho Chi Minh
84,,,2023-11-03,2023-11-15,CÔNG TY TNHH XUẤT NHẬP KHẨU PHARMA KIDS,160/43 Phan Huy Ích,12,Gò Vấp,SẢN PHẨM DINH DƯỠNG DÀNH CHO TRẺ TỪ 1 - 10 TUỔI PHARMAKIDS GROW,,"116, ấp Hưng Hòa",Tân Khánh Trung ,"Lấp Vò, Tỉnh Đồng Tháp",84,2023-11-08,,Ho Chi Minh
85,,,2023-11-09,2023-11-21,CÔNG TY CỔ PHẦN ĐẦU TƯ PHÁT TRIỂN VÀ SẢN XUẤT SAC,256/45/17 Liên khu 4-5,Bình Hưng Hòa B,Bình Tân,SẢN PHẨM DINH DƯỠNG DÀNH CHO TRẺ TỪ 0 ĐẾN 12 THÁNG TUỔI BABIKIDS A+ BABY,,F5/2B Ấp 6,Vĩnh Lộc A,Bình Chánh,85,2023-11-14,,Ho Chi Minh
86,,,2023-11-09,2023-11-21,CÔNG TY CỔ PHẦN ĐẦU TƯ PHÁT TRIỂN VÀ SẢN XUẤT SAC,256/45/17 Liên khu 4-5,Bình Hưng Hòa B,Bình Tân,SẢN PHẨM DINH DƯỠNG CÔNG THỨC SUMOKI K2+D3 COLOSTRUM BABY DÀNH CHO TRẺ TỪ 0-12 THÁNG TUỔI,,F5/2B Ấp 6,Vĩnh Lộc A,Bình Chánh,86,2023-11-14,,Ho Chi Minh
87,,,2023-11-23,2023-12-04,CÔNG TY TNHH CHẾ BIẾN THỰC PHẨM VIỆT Ý,17A Trần Văn Cẩn,Tân Thới Hòa,Tân Phú,SẢN PHẨM DINH DƯỠNG CÔNG THỨC CHO TRẺ TỪ 0-12 THÁNG TUỔI NUTRITION-HMO COLOSTRUM,,"364C, Đường Nguyễn Thị Lắng",Phước Vĩnh An,Củ Chi,87,2023-11-29,,Ho Chi Minh
88,,,2023-11-27,2023-12-07,CÔNG TY CỔ PHẦN ĐẦU TƯ PHÁT TRIỂN VÀ SẢN XUẤT SAC,256/45/17 Liên khu 4-5,Bình Hưng Hòa B,Bình Tân,SẢN PHẨM DINH DƯỠNG CÔNG THỨC GROW IQ PLUS 3+ DÀNH CHO TRẺ TỪ 1-15 TUỔI,,F5/2B Ấp 6,Vĩnh Lộc A,Bình Chánh,88,2023-11-30,,Ho Chi Minh
89,,,2023-11-27,2023-12-07,CÔNG TY CỔ PHẦN ĐẦU TƯ PHÁT TRIỂN VÀ SẢN XUẤT SAC,256/45/17 Liên khu 4-5,Bình Hưng Hòa B,Bình Tân,SẢN PHẨM DINH DƯỠNG CÔNG THỨC MERRIT 1+ DÀNH CHO TRẺ TỪ 6 THÁNG TUỔI TRỞ LÊN,,F5/2B Ấp 6,Vĩnh Lộc A,Bình Chánh,89,2023-11-30,,Ho Chi Minh
90,,,2023-11-27,2023-12-07,CÔNG TY CỔ PHẦN ĐẦU TƯ PHÁT TRIỂN VÀ SẢN XUẤT SAC,256/45/17 Liên khu 4-5,Bình Hưng Hòa B,Bình Tân,SẢN PHẨM DINH DƯỠNG CÔNG THỨC MERRIT 3 DÀNH CHO TRẺ TỪ 1 TUỔI TRỞ LÊN,,F5/2B Ấp 6,Vĩnh Lộc A,Bình Chánh,90,2023-11-30,,Ho Chi Minh
91,,,2023-11-27,2023-12-07,CÔNG TY CỔ PHẦN DINH DƯỠNG QUỐC TẾ PHARMA ASIA,207 Nhị Bình 3,Nhị Bình,Hóc Môn,SẢN PHẨM DINH DƯỠNG CHO TRẺ TỪ 1 - 10 TUỔI OMEGA 3 PEDIA SMART,,207 Nhị Bình 3,Nhị Bình,Hóc Môn,91,2023-11-30,,Ho Chi Minh
92,,,2023-11-27,2023-12-06,CÔNG TY TNHH DINH DƯỠNG ASIA,"Tầng 1, Bcons Tower 2, 42/1 Ung Văn Khiêm",25,Bình Thạnh,SẢN PHẨM DINH DƯỠNG DÀNH CHO TRẺ TỪ 0-12 THÁNG TUỔI ASIA NUTRI BABY GOLD 1,,Đường TL 286,Yên Phụ,Yên Phong - tỉnh Bắc Ninh,92,2023-12-01,,Ho Chi Minh
93,,,2023-11-27,2023-12-07,CÔNG TY TNHH DINH DƯỠNG ASIA,"Tầng 1, Bcons Tower 2, 42/1 Ung Văn Khiêm",25,Bình Thạnh,SẢN PHẨM DINH DƯỠNG DÀNH CHO TRẺ TỪ 6-36 THÁNG TUỔI ASIA NUTRI KIDS GOLD 2,,Đường TL 286,Yên Phụ,Yên Phong - tỉnh Bắc Ninh,93,2023-12-01,,Ho Chi Minh
94,,,2023-11-27,2023-12-07,CÔNG TY TNHH DINH DƯỠNG ASIA,"Tầng 1, Bcons Tower 2, 42/1 Ung Văn Khiêm",25,Bình Thạnh,SẢN PHẨM DINH DƯỠNG DÀNH CHO TRẺ TỪ 1-10 TUỔI ASIA NUTRI PEDIA GOLD 3,,Đường TL 286,Yên Phụ,Yên Phong - tỉnh Bắc Ninh,94,2023-12-01,,Ho Chi Minh
95,,,2023-11-27,2023-12-07,CÔNG TY TNHH DINH DƯỠNG ASIA,"Tầng 1, Bcons Tower 2, 42/1 Ung Văn Khiêm",25,Bình Thạnh,SẢN PHẨM DINH DƯỠNG DÀNH CHO TRẺ TỪ 1-15 TUỔI ASIA NUTRI KAO IQ 4,,Đường TL 286,Yên Phụ,Yên Phong - tỉnh Bắc Ninh,95,2023-12-01,,Ho Chi Minh
96,,,2023-11-28,2023-12-07,CÔNG TY CỔ PHẦN DINH DƯỠNG QUỐC TẾ PHARMA ASIA,207 Nhị Bình 3,Nhị Bình,Hóc Môn,SẢN PHẨM DINH DƯỠNG CHO TRẺ TỪ 1 - 10 TUỔI NANO PEDIA SMART,,207 Nhị Bình 3,Nhị Bình,Hóc Môn,96,2023-12-04,,Ho Chi Minh
97,,,2023-11-28,2023-12-07,CÔNG TY CỔ PHẦN DINH DƯỠNG QUỐC TẾ PHARMA ASIA,207 Nhị Bình 3,Nhị Bình,Hóc Môn,SẢN PHẨM DINH DƯỠNG CHO TRẺ TỪ 1 - 15 TUỔI NANO CAO IQ,,207 Nhị Bình 3,Nhị Bình,Hóc Môn,97,2023-12-04,,Ho Chi Minh
98,,,2023-11-28,2023-12-07,CÔNG TY CỔ PHẦN DINH DƯỠNG QUỐC TẾ PHARMA ASIA,207 Nhị Bình 3,Nhị Bình,Hóc Môn,SẢN PHẨM DINH DƯỠNG CHO TRẺ TỪ 1 - 15 TUỔI OMEGA 3 CAO IQ,,207 Nhị Bình 3,Nhị Bình,Hóc Môn,98,2023-12-04,,Ho Chi Minh
99,,,2023-11-30,2023-12-11,CÔNG TY TNHH XUẤT NHẬP KHẨU DAIRYFOOD,"17 Nguyễn Văn Cừ, Khu phố 4",Tân Tạo A,Bình Tân,SẢN PHẨM DINH DƯỠNG CÔNG THỨC DÀNH CHO TRẺ TỪ 1 TUỔI TRỞ LÊN SUKUMILK GOLD IQ PLUS,,"17 Nguyễn Văn Cừ, Khu phố 4",Tân Tạo A,Bình Tân,99,2023-12-05,,Ho Chi Minh
100,,,2023-11-30,2023-12-11,CÔNG TY TNHH XUẤT NHẬP KHẨU DAIRYFOOD,"17 Nguyễn Văn Cừ, Khu phố 4",Tân Tạo A,Bình Tân,SẢN PHẨM DINH DƯỠNG CÔNG THỨC DÀNH CHO TRẺ TỪ 1 TUỔI TRỞ LÊN SUKUMILK GOLD GROW PLUS,,"17 Nguyễn Văn Cừ, Khu phố 4",Tân Tạo A,Bình Tân,100,2023-12-05,,Ho Chi Minh
101,,,2023-12-11,2023-12-21,CÔNG TY CỔ PHẦN ĐẦU TƯ PHÁT TRIỂN VÀ SẢN XUẤT SAC,256/45/17 Liên khu 4-5,Bình Hưng Hòa B,Bình Tân,SẢN PHẨM DINH DƯỠNG CÔNG THỨC SURE IQ PEDIA DÀNH CHO TRẺ TỪ 1-10 TUỔI,,F5/2B Ấp 6,Vĩnh Lộc A,Bình Chánh,101,2023-12-14,,Ho Chi Minh
102,,,2023-12-11,2023-12-21,CÔNG TY CỔ PHẦN ĐẦU TƯ PHÁT TRIỂN VÀ SẢN XUẤT SAC,256/45/17 Liên khu 4-5,Bình Hưng Hòa B,Bình Tân,SẢN PHẨM DINH DƯỠNG CÔNG THỨC SURE IQ BABY DÀNH CHO TRẺ TỪ 0-12 THÁNG TUỔI,,F5/2B Ấp 6,Vĩnh Lộc A,Bình Chánh,102,2023-12-14,,Ho Chi Minh
103,,,2023-12-11,2023-12-21,CÔNG TY CỔ PHẦN ĐẦU TƯ PHÁT TRIỂN VÀ SẢN XUẤT SAC,256/45/17 Liên khu 4-5,Bình Hưng Hòa B,Bình Tân,SẢN PHẨM DINH DƯỠNG CÔNG THỨC SURE IQ KIDS GOLD DÀNH CHO TRẺ TỪ 6-36 THÁNG TUỔI,,F5/2B Ấp 6,Vĩnh Lộc A,Bình Chánh,103,2023-12-14,,Ho Chi Minh
104,,,2023-12-14,2023-12-25,CÔNG TY CỔ PHẦN ĐẦU TƯ PHÁT TRIỂN VÀ SẢN XUẤT SAC,256/45/17 Liên khu 4-5,Bình Hưng Hòa B,Bình Tân,SẢN PHẨM DINH DƯỠNG CÔNG THỨC SURE IQ GROW IQ DÀNH CHO TRẺ TỪ 1-15 TUỔI,,F5/2B Ấp 6,Vĩnh Lộc A,Bình Chánh,104,2023-12-19,,Ho Chi Minh
105,,,2023-12-14,2023-12-25,CÔNG TY CỔ PHẦN ĐẦU TƯ PHÁT TRIỂN VÀ SẢN XUẤT SAC,256/45/17 Liên khu 4-5,Bình Hưng Hòa B,Bình Tân,SẢN PHẨM DINH DƯỠNG CÔNG THỨC COLOS A+ BABY DÀNH CHO TRẺ TỪ 0-12 THÁNG TUỔI,,F5/2B Ấp 6,Vĩnh Lộc A,Bình Chánh,105,2023-12-19,,Ho Chi Minh
106,,,2023-12-14,2023-12-25,CÔNG TY CỔ PHẦN ĐẦU TƯ PHÁT TRIỂN VÀ SẢN XUẤT SAC,256/45/17 Liên khu 4-5,Bình Hưng Hòa B,Bình Tân,SẢN PHẨM DINH DƯỠNG CÔNG THỨC PONLAIT INFNANT DÀNH CHO TRẺ TỪ 0-12 THÁNG TUỔI,,F5/2B Ấp 6,Vĩnh Lộc A,Bình Chánh,106,2023-12-19,,Ho Chi Minh
107,,,2023-12-14,2023-12-25,CÔNG TY CỔ PHẦN ĐẦU TƯ PHÁT TRIỂN VÀ SẢN XUẤT SAC,256/45/17 Liên khu 4-5,Bình Hưng Hòa B,Bình Tân,SẢN PHẨM DINH DƯỠNG CÔNG THỨC PONLAIT DIEST DÀNH CHO TRẺ TỪ 6-36 THÁNG TUỔI,,F5/2B Ấp 6,Vĩnh Lộc A,Bình Chánh,107,2023-12-19,,Ho Chi Minh
108,,,2023-12-14,2023-12-25,CÔNG TY CỔ PHẦN ĐẦU TƯ PHÁT TRIỂN VÀ SẢN XUẤT SAC,256/45/17 Liên khu 4-5,Bình Hưng Hòa B,Bình Tân,SẢN PHẨM DINH DƯỠNG CÔNG THỨC COLOS A+ KIDS GOLD DÀNH CHO TRẺ TỪ 6-36 THÁNG TUỔI,,F5/2B Ấp 6,Vĩnh Lộc A,Bình Chánh,108,2023-12-19,,Ho Chi Minh
109,,,2023-12-15,2023-12-26,CÔNG TY CỔ PHẦN THƯƠNG MẠI SẢN XUẤT TÂN ÚC VIỆT,"Lô 60, Đường số 2, Khu Công nghiệp Tân Tạo",Tân Tạo,Bình Tân,SẢN PHẨM DINH DƯỠNG CÔNG THỨC ARTI GAIN PEDIA DÀNH CHO TRẺ TỪ 0-1 TUỔI,,"Lô 60, Đường số 2, Khu Công nghiệp Tân Tạo",Tân Tạo,Bình Tân,109,2023-12-21,,Ho Chi Minh
110,,,2023-12-15,2023-12-26,CÔNG TY CỔ PHẦN THƯƠNG MẠI SẢN XUẤT TÂN ÚC VIỆT,"Lô 60, Đường số 2, Khu Công nghiệp Tân Tạo",Tân Tạo,Bình Tân,SẢN PHẨM DINH DƯỠNG CÔNG THỨC ARTI GAIN PEDIA DÀNH CHO TRẺ TỪ 2-10 TUỔI,,"Lô 60, Đường số 2, Khu Công nghiệp Tân Tạo",Tân Tạo,Bình Tân,110,2023-12-21,,Ho Chi Minh
111,,,2023-12-21,2024-01-02,CÔNG TY CỔ PHẦN THƯƠNG MẠI SẢN XUẤT TÂN ÚC VIỆT,"Lô 60, Đường số 2, Khu Công nghiệp Tân Tạo",Tân Tạo,Bình Tân,SẢN PHẨM DINH DƯỠNG CÔNG THỨC ARTI GAIN PEDIA DÀNH CHO TRẺ TỪ 2-10 TUỔI,,"Lô 60, Đường số 2, Khu Công nghiệp Tân Tạo",Tân Tạo,Bình Tân,111,2023-12-26,,Ho Chi Minh
112,,,2023-12-21,2024-01-02,CÔNG TY CỔ PHẦN ĐẦU TƯ PHÁT TRIỂN VÀ SẢN XUẤT SAC,256/45/17 Liên khu 4-5,Bình Hưng Hòa B,Bình Tân,SẢN PHẨM DINH DƯỠNG CÔNG THỨC DÀNH CHO TRẺ TỪ 0-12 THÁNG TUỔI BABY STEMP 1+,,F5/2B Ấp 6,Vĩnh Lộc A,Bình Chánh,112,2023-12-26,,Ho Chi Minh
113,,,2023-12-25,2024-01-04,CÔNG TY CỔ PHẦN ĐẦU TƯ PHÁT TRIỂN VÀ SẢN XUẤT SAC,256/45/17 Liên khu 4-5,Bình Hưng Hòa B,Bình Tân,SẢN PHẨM DINH DƯỠNG CÔNG THỨC DÀNH CHO TRẺ TỪ 1-10 TUỔI KIDS CARE PEDIA GOLD,,F5/2B Ấp 6,Vĩnh Lộc A,Bình Chánh,113,2023-12-28,,Ho Chi Minh
114,,,2023-12-25,2024-01-04,CÔNG TY CỔ PHẦN ĐẦU TƯ PHÁT TRIỂN VÀ SẢN XUẤT SAC,256/45/17 Liên khu 4-5,Bình Hưng Hòa B,Bình Tân,SẢN PHẨM DINH DƯỠNG CÔNG THỨC DÀNH CHO TRẺ TỪ 1-15 TUỔI BIOTAR IQ GROW,,F5/2B Ấp 6,Vĩnh Lộc A,Bình Chánh,114,2023-12-28,,Ho Chi Minh
115,,,2023-12-25,2024-01-04,CÔNG TY CỔ PHẦN ĐẦU TƯ PHÁT TRIỂN VÀ SẢN XUẤT SAC,256/45/17 Liên khu 4-5,Bình Hưng Hòa B,Bình Tân,SẢN PHẨM DINH DƯỠNG CÔNG THỨC DÀNH CHO TRẺ TỪ 0-12 THÁNG TUỔI COLOSMILL BABY GOLD,,F5/2B Ấp 6,Vĩnh Lộc A,Bình Chánh,115,2023-12-28,,Ho Chi Minh
116,,,2023-12-25,2024-01-05,CÔNG TY TNHH MỘT THÀNH VIÊN PAPAFOOD,84E Nguyễn Đình Chiểu,Đa Kao ,1,BÁNH ĂN DẶM PAPAPUFFS FINGERS VỊ CHUỐI VÀ CA CAO - 100% NGŨ CỐC HỮU CƠ,,135/28 + 135/30 đường Nguyễn Cửu Vân,17,Bình Thạnh,116,2023-12-28,,Ho Chi Minh
117,,,2023-12-25,2024-01-05,CÔNG TY TNHH MỘT THÀNH VIÊN PAPAFOOD,84E Nguyễn Đình Chiểu,Đa Kao ,1,BÁNH ĂN DẶM PAPAPUFFS FINGERS VỊ BÍ ĐỎ VÀ KHOAI LANG TÍM - 100% NGŨ CỐC HỮU CƠ,,135/28 + 135/30 đường Nguyễn Cửu Vân,17,Bình Thạnh,117,2023-12-28,,Ho Chi Minh
118,,,2023-12-25,2024-01-05,CÔNG TY TNHH MỘT THÀNH VIÊN PAPAFOOD,84E Nguyễn Đình Chiểu,Đa Kao ,1,BÁNH ĂN DẶM PAPAPUFFS FINGERS VỊ RONG BIỂN VÀ CÀ RỐT - 100% NGŨ CỐC HỮU CƠ,,135/28 + 135/30 đường Nguyễn Cửu Vân,17,Bình Thạnh,118,2023-12-28,,Ho Chi Minh
119,,,2023-12-28,2023-01-09,CÔNG TY TNHH CHẾ BIẾN THỰC PHẨM VIỆT Ý,17A Trần Văn Cẩn,Tân Thới Hòa,Tân Phú,SẢN PHẨM DINH DƯỠNG CÔNG THỨC COW TRUE MILK HỌC ĐƯỜNG,,"364C, Đường Nguyễn Thị Lắng",Phước Vĩnh An,Củ Chi,119,2023-12-29,,Ho Chi Minh
120,,,,,,,,,,,,,,120,,,Ho Chi Minh
121,,,,,,,,,,,,,,121,,,Ho Chi Minh
122,,,,,,,,,,,,,,122,,,Ho Chi Minh
123,,,,,,,,,,,,,,123,,,Ho Chi Minh
124,,,,,,,,,,,,,,124,,,Ho Chi Minh
125,,,,,,,,,,,,,,125,,,Ho Chi Minh
126,,,,,,,,,,,,,,126,,,Ho Chi Minh
127,,,,,,,,,,,,,,127,,,Ho Chi Minh
128,,,,,,,,,,,,,,128,,,Ho Chi Minh
