stt,unnamed_1,so_bien_nhan,ngay_nhan,ngay_cap_gcn_attp,ten_cong_tydoanh_nghiep,dia_chi,phuong_xa,quan_huyen,ten_san_pham,ten_co_so_sx,đia_chi_sx,phuong_sx,quan_huyen_sx,so_ban_cong_bo,ngay_hoan_thanh,ket_qua,tinh_thanh,ngay_tiep_nhan,thoi_han_gcn_attp,processing_days,attp_valid
1,,4042225373.0,2023-02-03,2023-02-14,CÔNG TY TNHH TUỆ ANH GLOBAL,231-233 le thanh ton,ben thanh,1,san pham dinh duong cong thuc cho tre tu 0 thang tuoi đen 12 thang tuoi optimom,,"Số 31 đường 121, Ấp 5",Tân Thạnh Đông,Củ Chi,1,2023-02-08,đat,,2022-12-16,2026-02-13,60.0,True
2,,,2023-02-02,2023-02-13,CÔNG TY CỔ PHẦN THỰC PHẨM DINH DƯỠNG KHÁNH HÒA,"tang 10, toa nha hoang viet, so 34 hoang viet",4,tan binh,san pham dinh duong nutrikidgrow (cho tre tu 1 - 10 tuoi),,"Lô E, Đường số 2, Khu công nghiệp Đồng An",Bình Hòa,"Thành phố Thuận An, tỉnh Bình Dương",2,2023-02-08,đat,,2022-12-15,2026-02-12,60.0,True
3,,4042227037.0,2023-02-06,2023-02-15,CÔNG TY TNHH SẢN XUẤT - THƯƠNG MẠI HI KI FOOD,"621/2/14 khu pho 7, huong lo 2",binh tri đong,binh tan,san pham dinh duong cong thuc: gain colostrum 1+,,621/4/1/4 Hương lộ 2,Bình Trị Đông,Bình Tân,3,2023-02-09,đat,,2022-12-17,2026-02-14,60.0,True
4,,4042227078.0,2023-02-27,2023-03-08,CÔNG TY TNHH MỘT THÀNH VIÊN PAPAFOOD,84e nguyen đinh chieu,đa kao,1,san pham banh an dam papapuffs stars,,135/28 + 135/30 đường Nguyễn Cửu Vân,17,Bình Thạnh,4,2023-03-03,,,2023-01-07,2026-03-07,60.0,True
5,,4042227076.0,2023-02-27,2023-03-08,CÔNG TY TNHH MỘT THÀNH VIÊN PAPAFOOD,84e nguyen đinh chieu,đa kao,1,san pham banh an dam papapuffs rings,,135/28 + 135/30 đường Nguyễn Cửu Vân,17,Bình Thạnh,5,2023-03-03,,,2023-01-07,2026-03-07,60.0,True
6,,4042227075.0,2023-02-27,2023-03-08,CÔNG TY TNHH MỘT THÀNH VIÊN PAPAFOOD,84e nguyen đinh chieu,đa kao,1,san pham banh an dam papapuffs fingers,,135/28 + 135/30 đường Nguyễn Cửu Vân,17,Bình Thạnh,6,2023-03-03,,,2023-01-07,2026-03-07,60.0,True
7,,,2023-02-24,2023-03-07,CÔNG TY TNHH NOVA NUTRITION PHARMA,"so 496/63, la xuan oai",long truong,thu đuc,san pham dinh duong cong thuc cho tre tu 1-10 tuoi mendel colostrum pedia,,"Số 496/63, Lã Xuân Oai",Long Trường,Thủ Đức,7,2023-03-03,,,2023-01-06,2026-03-06,60.0,True
8,,,2023-02-27,2023-03-08,CÔNG TY TNHH NOVA NUTRITION PHARMA,"so 496/63, la xuan oai",long truong,thu đuc,san pham dinh duong cong thuc cho tre tu 1-15 tuoi mendel colostrum grow,,"Số 496/63, Lã Xuân Oai",Long Trường,Thủ Đức,8,2023-03-03,,,2023-01-07,2026-03-07,60.0,True
9,,,2023-02-27,2023-03-08,CÔNG TY TNHH NOVA NUTRITION PHARMA,"so 496/63, la xuan oai",long truong,thu đuc,san pham dinh duong cong thuc cho tre tu 0-12 thang tuoi mendel colostrum infant,,"Số 496/63, Lã Xuân Oai",Long Trường,Thủ Đức,9,2023-03-03,,,2023-01-07,2026-03-07,60.0,True
10,,,2023-02-28,2023-03-09,CÔNG TY TNHH THƯƠNG MẠI THỰC PHẨM DINH DƯỠNG XNK ADP GOLD,"476 nguyen van kha, ap phu hiep",phu hoa đong,cu chi,san pham dinh duong cong thuc nolan kids baby cho tre tu 0-12 thang tuoi,,"472/2 Đường Nguyễn Văn Khạ, ấp Phú Hiệp",Phú Hòa Đông,Củ Chi,10,2023-03-03,,,2023-01-08,2026-03-08,60.0,True
11,,,2023-02-28,2023-03-09,CÔNG TY TNHH THƯƠNG MẠI THỰC PHẨM DINH DƯỠNG XNK ADP GOLD,"476 nguyen van kha, ap phu hiep",phu hoa đong,cu chi,san pham dinh duong cong thuc nolan kids gain cho tre tu 1 tuoi tro len,,"472/2 Đường Nguyễn Văn Khạ, ấp Phú Hiệp",Phú Hòa Đông,Củ Chi,11,2023-03-03,,,2023-01-08,2026-03-08,60.0,True
12,,,2023-02-28,2023-03-09,CÔNG TY TNHH THƯƠNG MẠI THỰC PHẨM DINH DƯỠNG XNK ADP GOLD,"476 nguyen van kha, ap phu hiep",phu hoa đong,cu chi,san pham dinh duong cong thuc nolan kids pedia cho tre tu 1 - 10 tuoi,,"472/2 Đường Nguyễn Văn Khạ, ấp Phú Hiệp",Phú Hòa Đông,Củ Chi,12,2023-03-03,,,2023-01-08,2026-03-08,60.0,True
13,,,2023-03-03,2023-03-14,CÔNG TY CỔ PHẦN SẢN XUẤT THỰC PHẨM ANH KIM,"lo iii - 1b, đuong so 1, nhom cn iii, kcn tan binh",tay thanh,tan phu,thuc pham dinh duong chao tuoi bo cau đau lang chum ngay,,"Lô III - 1B, Đường số 1, Nhóm CN III, KCN Tân Bình",Tây Thạnh ,Tân Phú,13,2023-03-07,,,2023-01-13,2026-03-13,60.0,True
14,,,2023-03-03,2023-03-14,CÔNG TY CỔ PHẦN SẢN XUẤT THỰC PHẨM ANH KIM,"lo iii - 1b, đuong so 1, nhom cn iii, kcn tan binh",tay thanh,tan phu,thuc pham dinh duong chao tuoi ca ngu đai duong,,"Lô III - 1B, Đường số 1, Nhóm CN III, KCN Tân Bình",Tây Thạnh ,Tân Phú,14,2023-03-07,,,2023-01-13,2026-03-13,60.0,True
15,,,2023-03-03,2023-03-14,CÔNG TY CỔ PHẦN SẢN XUẤT THỰC PHẨM ANH KIM,"lo iii - 1b, đuong so 1, nhom cn iii, kcn tan binh",tay thanh,tan phu,thuc pham dinh duong chao tuoi hau cai bo xoi,,"Lô III - 1B, Đường số 1, Nhóm CN III, KCN Tân Bình",Tây Thạnh ,Tân Phú,15,2023-03-07,,,2023-01-13,2026-03-13,60.0,True
16,,,2023-03-03,2023-03-14,CÔNG TY CỔ PHẦN SẢN XUẤT THỰC PHẨM ANH KIM,"lo iii - 1b, đuong so 1, nhom cn iii, kcn tan binh",tay thanh,tan phu,thuc pham dinh duong chao tuoi tim heo hat sen,,"Lô III - 1B, Đường số 1, Nhóm CN III, KCN Tân Bình",Tây Thạnh ,Tân Phú,16,2023-03-07,,,2023-01-13,2026-03-13,60.0,True
17,,,2023-03-09,2023-03-20,CÔNG TY TNHH THƯƠNG MẠI THỰC PHẨM DINH DƯỠNG XNK ADP GOLD,"476 nguyen van kha, ap phu hiep",phu hoa đong,cu chi,san pham dinh duong cong thuc nolan kids grow iq cho tre tu 1-12 tuoi,,"472/2 Đường Nguyễn Văn Khạ, ấp Phú Hiệp",Phú Hòa Đông,Củ Chi,17,2023-03-14,,,2023-01-19,2026-03-19,60.0,True
18,,,2023-03-15,2023-03-24,CÔNG TY TNHH SẢN XUẤT THƯƠNG MẠI THỰC PHẨM DINH DƯỠNG NUTRILAC,"472/2 đuong nguyen van kha, ap phu hiep",phu hoa đong,cu chi,san pham dinh duong cong thuc danh cho tre tu 1 - 10 tuoi foodpro 100 colostrum pedia,,"472/2 Đường Nguyễn Văn Khạ, ấp Phú Hiệp",Phú Hòa Đông,Củ Chi,18,2023-03-21,,,2023-01-23,2026-03-23,60.0,True
19,,4042226879.0,2023-03-16,2023-03-27,CÔNG TY CỔ PHẦN SẢN XUẤT - XUẤT NHẬP KHẨU THỰC PHẨM SÀI GÒN,37/9b đuong quang trung,10,go vap,san pham dinh duong cong thuc danh cho tre tu 1 - 12 tuoi: ellac grow 1+,,"Tổ 7, Ấp Bến Đò 2",Tân Phú Trung,Củ Chi,19,2023-03-21,,,2023-01-26,2026-03-26,60.0,True
20,,,2023-03-22,2023-03-31,CÔNG TY CỔ PHẦN SÀI GÒN MILK,52d tran thu đo,phu thanh,tan phu,san pham dinh duong cong thuc danh cho tre tu 0-12 thang tuoi opti kids medisure,,"416 Nguyễn Thị Lắng, Ấp 1",Phước Vĩnh An,Củ Chi,20,2023-03-28,,,2023-01-30,2026-03-30,60.0,True
21,,,2023-03-22,2023-03-31,CÔNG TY CỔ PHẦN SÀI GÒN MILK,52d tran thu đo,phu thanh,tan phu,san pham dinh duong cong thuc voi muc đich an bo sung danh cho tre tu 01-17 tuoi grow medisure,,"416 Nguyễn Thị Lắng, Ấp 1",Phước Vĩnh An,Củ Chi,21,2023-03-28,,,2023-01-30,2026-03-30,60.0,True
22,,,2023-03-22,2023-03-31,CÔNG TY CỔ PHẦN SÀI GÒN MILK,52d tran thu đo,phu thanh,tan phu,san pham dinh duong cong thuc voi muc đich an bo sung danh cho tre tu 01-15 tuoi opti kids 3 medisure,,"416 Nguyễn Thị Lắng, Ấp 1",Phước Vĩnh An,Củ Chi,22,2023-03-28,,,2023-01-30,2026-03-30,60.0,True
23,,,2023-03-22,2023-03-31,CÔNG TY CỔ PHẦN SÀI GÒN MILK,52d tran thu đo,phu thanh,tan phu,san pham dinh duong cong thuc voi muc đich an bo sung danh cho tre tu 06-36 tuoi opti kids 2 medisure,,"416 Nguyễn Thị Lắng, Ấp 1",Phước Vĩnh An,Củ Chi,23,2023-03-28,,,2023-01-30,2026-03-30,60.0,True
24,,,2023-04-04,2023-04-13,CÔNG TY TNHH THƯƠNG MẠI DỊCH VỤ WINCARE FOOD,1366/9/3 quoc lo 1a,thoi an,12,san pham dinh duong cong thuc olivia baby,,"Số 20 Đường 417, Tổ 6, Ấp 5",Phước Vĩnh An,Củ Chi,24,2023-04-07,,,2023-02-12,2026-04-12,60.0,True
25,,,2023-04-04,2023-04-13,CÔNG TY TNHH THƯƠNG MẠI DỊCH VỤ WINCARE FOOD,1366/9/3 quoc lo 1a,thoi an,12,san pham dinh duong cong thuc olivia pedia,,"Số 20 Đường 417, Tổ 6, Ấp 5",Phước Vĩnh An,Củ Chi,25,2023-04-07,,,2023-02-12,2026-04-12,60.0,True
26,,,2023-04-04,2023-04-13,CÔNG TY TNHH THƯƠNG MẠI DỊCH VỤ WINCARE FOOD,1366/9/3 quoc lo 1a,thoi an,12,san pham dinh duong cong thuc olivia kao iq,,"Số 20 Đường 417, Tổ 6, Ấp 5",Phước Vĩnh An,Củ Chi,26,2023-04-07,,,2023-02-12,2026-04-12,60.0,True
27,,,2023-04-04,2023-04-13,CÔNG TY TNHH THƯƠNG MẠI DỊCH VỤ WINCARE FOOD,1366/9/3 quoc lo 1a,thoi an,12,san pham dinh duong cong thuc adelac baby gold,,"Số 20 Đường 417, Tổ 6, Ấp 5",Phước Vĩnh An,Củ Chi,27,2023-04-07,,,2023-02-12,2026-04-12,60.0,True
28,,,2023-04-04,2023-04-13,CÔNG TY TNHH THƯƠNG MẠI DỊCH VỤ WINCARE FOOD,1366/9/3 quoc lo 1a,thoi an,12,san pham dinh duong cong thuc adelac pedia+,,"Số 20 Đường 417, Tổ 6, Ấp 5",Phước Vĩnh An,Củ Chi,28,2023-04-07,,,2023-02-12,2026-04-12,60.0,True
29,,,2023-04-04,2023-04-13,CÔNG TY TNHH THƯƠNG MẠI DỊCH VỤ WINCARE FOOD,1366/9/3 quoc lo 1a,thoi an,12,san pham dinh duong cong thuc adelac kao iq,,"Số 20 Đường 417, Tổ 6, Ấp 5",Phước Vĩnh An,Củ Chi,29,2023-04-07,,,2023-02-12,2026-04-12,60.0,True
30,,,2023-04-05,2023-04-17,CÔNG TY TNHH SẢN XUẤT THƯƠNG MẠI DỊCH VỤ LÊ MÂY,"10 đuong 23, khu pho 2",an khanh,thu đuc,san pham mi baby somen 5 vi ngu coc - baby somen 5 mixed grain,,920 Higashinango,Minami-Alps City,"Yamanashi, Nhật Bản",30,2023-04-07,,,2023-02-16,2026-04-16,60.0,True
31,,,2023-04-05,2023-04-17,CÔNG TY TNHH SẢN XUẤT THƯƠNG MẠI DỊCH VỤ LÊ MÂY,"10 đuong 23, khu pho 2",an khanh,thu đuc,san pham mi baby somen vi khoai lang - baby somen sweet potato,,920 Higashinango,Minami-Alps City,"Yamanashi, Nhật Bản",31,2023-04-07,,,2023-02-16,2026-04-16,60.0,True
32,,,2023-04-26,2023-05-11,CÔNG TY TNHH SẢN XUẤT THƯƠNG MẠI DỊCH VỤ LÊ MÂY,"10 đuong 23, khu pho 2",an khanh,thu đuc,san pham mi baby somen 5 vi rau cu - baby somen 5 mixed vegetables,,920 Higashinango,Minami-Alps City,"Yamanashi, Nhật Bản",32,2023-04-28,,,2023-03-12,2026-05-10,60.0,True
33,,,2023-04-24,2023-05-08,CÔNG TY CỔ PHẦN SÀI GÒN MILK,52d tran thu đo,phu thanh,tan phu,san pham dinh duong cong thuc voi muc đich an bo sung danh cho tre tren 1 tuoi us colos gold kids opti,,"416 Nguyễn Thị Lắng, Ấp 1",Phước Vĩnh An,Củ Chi,33,2023-04-28,,,2023-03-09,2026-05-07,60.0,True
34,,,2023-04-24,2023-05-08,CÔNG TY CỔ PHẦN SÀI GÒN MILK,52d tran thu đo,phu thanh,tan phu,san pham dinh duong cong thuc voi muc đich an bo sung danh cho tre tu 01 - 10 tuoi colostrum pedia gain,,"416 Nguyễn Thị Lắng, Ấp 1",Phước Vĩnh An,Củ Chi,34,2023-04-28,,,2023-03-09,2026-05-07,60.0,True
35,,,2023-04-24,2023-05-08,CÔNG TY CỔ PHẦN SÀI GÒN MILK,52d tran thu đo,phu thanh,tan phu,san pham dinh duong cong thuc voi muc đich an bo sung danh cho tre tren 1 tuoi colostrum opti,,"416 Nguyễn Thị Lắng, Ấp 1",Phước Vĩnh An,Củ Chi,35,2023-04-28,,,2023-03-09,2026-05-07,60.0,True
36,,,2023-05-24,2023-06-02,CÔNG TY CỔ PHẦN THƯƠNG MẠI SẢN XUẤT TÂN ÚC VIỆT,"lo 60, đuong so 2, khu cong nghiep tan tao",tan tao,binh tan,san pham dinh duong cong thuc arti gain opti premium danh cho tre tren 2-10 tuoi,,"Lô 60, Đường số 2, Khu Công nghiệp Tân Tạo",Tân Tạo,Bình Tân,36,2023-05-29,,,2023-04-03,2026-06-01,60.0,True
37,,,2023-05-24,2023-06-02,CÔNG TY CỔ PHẦN THƯƠNG MẠI SẢN XUẤT TÂN ÚC VIỆT,"lo 60, đuong so 2, khu cong nghiep tan tao",tan tao,binh tan,san pham dinh duong cong thuc arti gain opti premium danh cho tre tu 1-2 tuoi,,"Lô 60, Đường số 2, Khu Công nghiệp Tân Tạo",Tân Tạo,Bình Tân,37,2023-05-29,,,2023-04-03,2026-06-01,60.0,True
38,,,2023-06-12,2023-06-21,CÔNG TY TNHH ĐÔNG NAM DƯỢC BẢO LONG,"so 02, đuong 430, ap 1",phuoc vinh an,cu chi,bot an dam humababy vi gao thom,,"Số 02, đường 430, ấp 1",Phước Vĩnh An,Củ Chi,38,2023-06-15,,,2023-04-22,2026-06-20,60.0,True
39,,,2023-06-12,2023-06-21,CÔNG TY TNHH ĐÔNG NAM DƯỢC BẢO LONG,"so 02, đuong 430, ap 1",phuoc vinh an,cu chi,"san pham bot an dam humababy vi bap, gao, yen mach",,"Số 02, đường 430, ấp 1",Phước Vĩnh An,Củ Chi,39,2023-06-15,,,2023-04-22,2026-06-20,60.0,True
40,,,2023-06-11,2023-06-23,CÔNG TY CỔ PHẦN THƯƠNG MẠI SẢN XUẤT TÂN ÚC VIỆT,"lo 60, đuong so 2, khu cong nghiep tan tao",tan tao,binh tan,san pham dinh duong cong thuc arti gain opti premium danh cho tre tu 0-1 tuoi,,"Lô 60, Đường số 2, Khu Công nghiệp Tân Tạo",Tân Tạo,Bình Tân,40,2023-06-19,,,2023-04-24,2026-06-22,60.0,True
41,,,2023-06-16,2023-06-27,CÔNG TY TNHH DINH DƯỠNG THỰC PHẨM NANO RIGHT,26 đuong s3,tay thanh,tan phu,san pham dinh duong cong thuc cho tre tu 0 - 12 thang tuoi baby,,"48/15 đường 369, Tổ 5, Bàu Tre a",Tân An Hội,Củ Chi,41,2023-06-21,,,2023-04-28,2026-06-26,60.0,True
42,,,2023-06-16,2023-06-27,CÔNG TY TNHH DINH DƯỠNG THỰC PHẨM NANO RIGHT,26 đuong s3,tay thanh,tan phu,san pham dinh duong cong thuc cho tre tu 6 - 36 thang tuoi kids sure,,"48/15 đường 369, Tổ 5, Bàu Tre a",Tân An Hội,Củ Chi,42,2023-06-21,,,2023-04-28,2026-06-26,60.0,True
43,,,2023-06-16,2023-06-27,CÔNG TY TNHH DINH DƯỠNG THỰC PHẨM NANO RIGHT,26 đuong s3,tay thanh,tan phu,san pham dinh duong cong thuc cho tre tu 1 - 15 tuoi grow iq,,"48/15 đường 369, Tổ 5, Bàu Tre a",Tân An Hội,Củ Chi,43,2023-06-21,,,2023-04-28,2026-06-26,60.0,True
44,,,2023-06-16,2023-06-27,CÔNG TY TNHH DƯỢC NUTRIPLUS,114/20 đuong so 18,binh hung hoa,binh tan,san pham dinh duong cong thuc cho tre tu 1 tuoi tro len staplus iq pedia,,"Thửa 1117 và 1121, Tờ bản đồ 21, Ấp Rừng Sến",Mỹ Hạnh Bắc,Đức Hòa - Long An,44,2023-06-21,,,2023-04-28,2026-06-26,60.0,True
45,,,2023-06-16,2023-06-27,CÔNG TY TNHH THƯƠNG MẠI THỰC PHẨM DINH DƯỠNG XNK ADP GOLD,"476 nguyen van kha, ap phu hiep",phu hoa đong,cu chi,san pham dinh duong cong thuc dhagold pedia cho tre tu 1 - 10 tuoi,,"472/2 Đường Nguyễn Văn Khạ, ấp Phú Hiệp",Phú Hòa Đông,Củ Chi,45,2023-06-21,,,2023-04-28,2026-06-26,60.0,True
46,,,2023-06-16,2023-06-27,CÔNG TY TNHH THƯƠNG MẠI THỰC PHẨM DINH DƯỠNG XNK ADP GOLD,"476 nguyen van kha, ap phu hiep",phu hoa đong,cu chi,san pham dinh duong cong thuc dhagold grow plus cho tre tu 1 - 12 tuoi,,"472/2 Đường Nguyễn Văn Khạ, ấp Phú Hiệp",Phú Hòa Đông,Củ Chi,46,2023-06-21,,,2023-04-28,2026-06-26,60.0,True
47,,,2023-06-16,2023-06-27,CÔNG TY TNHH THƯƠNG MẠI THỰC PHẨM DINH DƯỠNG XNK ADP GOLD,"476 nguyen van kha, ap phu hiep",phu hoa đong,cu chi,san pham dinh duong cong thuc dhagold grow gain cho tre tu 1tro len,,"472/2 Đường Nguyễn Văn Khạ, ấp Phú Hiệp",Phú Hòa Đông,Củ Chi,47,2023-06-21,,,2023-04-28,2026-06-26,60.0,True
48,,,2023-06-20,2023-06-29,CÔNG TY TNHH ĐÔNG NAM DƯỢC BẢO LONG,"so 02, đuong 430, ap 1",phuoc vinh an,cu chi,"bot an dam humababy vi bi đo, oc cho",,"Số 02, đường 430, ấp 1",Phước Vĩnh An,Củ Chi,48,2023-06-23,,,2023-04-30,2026-06-28,60.0,True
49,,,2023-06-20,2023-06-29,CÔNG TY TNHH ĐÔNG NAM DƯỢC BẢO LONG,"so 02, đuong 430, ap 1",phuoc vinh an,cu chi,"bot an dam humababy vi oc cho, ca rot",,"Số 02, đường 430, ấp 1",Phước Vĩnh An,Củ Chi,49,2023-06-23,,,2023-04-30,2026-06-28,60.0,True
50,TT,,2023-06-27,2023-07-06,CÔNG TY TNHH THƯƠNG MẠI VÀ DỊCH VỤ FD,"10/14/30 đuong so 7, khu pho 2",tam binh,thu đuc,sua hat dinh duong danh cho tre nho 1 - 15 tuoi fd for baby nutrish grow,,Thôn Đồng Vàng,Phú Mãn,Quốc Oai - Hà Nội,50,2023-07-03,,,2023-05-07,2026-07-05,60.0,True
51,TT,,2023-06-27,2023-07-06,CÔNG TY TNHH THƯƠNG MẠI VÀ DỊCH VỤ FD,"10/14/30 đuong so 7, khu pho 2",tam binh,thu đuc,san pham dinh duong danh cho tre nho 0 - 12 thang tuoi fd for baby nutrish plus,,Thôn Đồng Vàng,Phú Mãn,Quốc Oai - Hà Nội,51,2023-07-03,,,2023-05-07,2026-07-05,60.0,True
52,TT,,2023-08-15,,CÔNG TY TNHH THỰC PHẨM DINH DƯỠNG THẦN ĐỒNG VIỆT NAM ,so 43 đuong 2d noi dai,an lac,binh tan,san pham dinh duong super kids pedia danh cho tre tu 1-10 tuoi,,116 ấp Hưng Hòa,Tân Khánh Trung ,"Lấp Vò, Tỉnh Đồng Tháp",52,2023-08-21,,,,,,False
53,TT,,2023-08-29,2023-09-11,CÔNG TY TNHH ĐÔNG NAM DƯỢC BẢO LONG,"so 02, đuong 430, ap 1",phuoc vinh an,cu chi,bot an dam humababy tom ca rot,,"Số 02, đường 430, ấp 1",Phước Vĩnh An,Củ Chi,53,2023-09-06,,,2023-07-13,2026-09-10,60.0,True
54,TT,,2023-08-29,2023-09-11,CÔNG TY TNHH ĐÔNG NAM DƯỢC BẢO LONG,"so 02, đuong 430, ap 1",phuoc vinh an,cu chi,bot an dam humababy thit ga rau cu,,"Số 02, đường 430, ấp 1",Phước Vĩnh An,Củ Chi,54,2023-09-06,,,2023-07-13,2026-09-10,60.0,True
55,TT,,2023-08-29,2023-09-11,CÔNG TY TNHH ĐÔNG NAM DƯỢC BẢO LONG,"so 02, đuong 430, ap 1",phuoc vinh an,cu chi,bot an dam humababy trung bi đo - bo xoi,,"Số 02, đường 430, ấp 1",Phước Vĩnh An,Củ Chi,55,2023-09-06,,,2023-07-13,2026-09-10,60.0,True
56,TT,,2023-08-29,2023-09-11,CÔNG TY TNHH ĐÔNG NAM DƯỢC BẢO LONG,"so 02, đuong 430, ap 1",phuoc vinh an,cu chi,bot an dam humababy thit bo bi đo,,"Số 02, đường 430, ấp 1",Phước Vĩnh An,Củ Chi,56,2023-09-06,,,2023-07-13,2026-09-10,60.0,True
57,TT,,2023-08-29,2023-09-11,CÔNG TY TNHH ĐÔNG NAM DƯỢC BẢO LONG,"so 02, đuong 430, ap 1",phuoc vinh an,cu chi,"bot an dam humababy vi gao sua, hanh nhan",,"Số 02, đường 430, ấp 1",Phước Vĩnh An,Củ Chi,57,2023-09-06,,,2023-07-13,2026-09-10,60.0,True
58,TT,,2023-09-07,2023-09-19,CHI NHÁNH CÔNG TY CỔ PHẦN TẬP ĐOÀN DINH DƯỠNG GREEN VIỆT NAM,104/23 đuong so 18,binh hung hoa,binh tan,san pham dinh duong cong thuc cho tre tu 0-12 thang tuoi greengold colostrum,,"Thửa 1117 và 1121, Tờ bản đồ 21, Ấp Rừng Sến",Mỹ Hạnh Bắc,Đức Hòa - Long An,58,2023-09-12,,,2023-07-21,2026-09-18,60.0,True
59,TT,,2023-09-07,2023-09-19,CHI NHÁNH CÔNG TY CỔ PHẦN TẬP ĐOÀN DINH DƯỠNG GREEN VIỆT NAM,104/23 đuong so 18,binh hung hoa,binh tan,san pham dinh duong cong thuc cho tre tu 1-15 tuoi greengold dighest,,"Thửa 1117 và 1121, Tờ bản đồ 21, Ấp Rừng Sến",Mỹ Hạnh Bắc,Đức Hòa - Long An,59,2023-09-12,,,2023-07-21,2026-09-18,60.0,True
60,TT,,2023-09-07,2023-09-19,CHI NHÁNH CÔNG TY CỔ PHẦN TẬP ĐOÀN DINH DƯỠNG GREEN VIỆT NAM,104/23 đuong so 18,binh hung hoa,binh tan,san pham dinh duong cong thuc cho tre tu 1-18 tuoi greengold iq grow,,"Thửa 1117 và 1121, Tờ bản đồ 21, Ấp Rừng Sến",Mỹ Hạnh Bắc,Đức Hòa - Long An,60,2023-09-12,,,2023-07-21,2026-09-18,60.0,True
61,TT,,2023-09-07,2023-09-19,CHI NHÁNH CÔNG TY CỔ PHẦN TẬP ĐOÀN DINH DƯỠNG GREEN VIỆT NAM,104/23 đuong so 18,binh hung hoa,binh tan,san pham dinh duong cong thuc cho tre tu 1 tuoi tro len greengold weight gain,,"Thửa 1117 và 1121, Tờ bản đồ 21, Ấp Rừng Sến",Mỹ Hạnh Bắc,Đức Hòa - Long An,61,2023-09-12,,,2023-07-21,2026-09-18,60.0,True
62,BĐ,,2023-09-07,2023-09-19,CÔNG TY CỔ PHẦN SÀI GÒN FOOD,"lo c24-24b/ii, c25/ii, đuong 2f, khu cong nghiep vinh loc",vinh loc a,binh chanh,"thuc pham dinh duong: chao tuoi bo, đau ha lan & ca rot",,"Lô C13 - C14/II, Đường 2F, Khu công nghiệp Vĩnh Lộc",Vĩnh Lộc A,Bình Chánh,62,2023-09-12,,,2023-07-21,2026-09-18,60.0,True
63,BĐ,,2023-09-07,2023-09-19,CÔNG TY CỔ PHẦN SÀI GÒN FOOD,"lo c24-24b/ii, c25/ii, đuong 2f, khu cong nghiep vinh loc",vinh loc a,binh chanh,thuc pham dinh duong: chao tuoi ca hoi & cai bo xoi,,"Lô C13 - C14/II, Đường 2F, Khu công nghiệp Vĩnh Lộc",Vĩnh Lộc A,Bình Chánh,63,2023-09-12,,,2023-07-21,2026-09-18,60.0,True
64,TT,,2023-09-08,2023-09-19,CÔNG TY TNHH ĐÔNG NAM DƯỢC BẢO LONG,"so 02, đuong 430, ap 1",phuoc vinh an,cu chi,bot an dam humababy thit heo bo xoi,,"Số 02, đường 430, ấp 1",Phước Vĩnh An,Củ Chi,64,2023-09-14,,,2023-07-21,2026-09-18,60.0,True
65,,,2023-09-22,2023-10-03,CÔNG TY CỔ PHẦN ĐẦU TƯ PHÁT TRIỂN VÀ SẢN XUẤT SAC,256/45/17 lien khu 4-5,binh hung hoa b,binh tan,san pham dinh duong grand grow iq danh cho tre tu 1 tuoi tro len,,F5/2B Ấp 6,Vĩnh Lộc A,Bình Chánh,65,2023-09-27,,,2023-08-04,2026-10-02,60.0,True
66,,,2023-09-25,2023-10-04,CÔNG TY CỔ PHẦN ĐẦU TƯ PHÁT TRIỂN VÀ SẢN XUẤT SAC,256/45/17 lien khu 4-5,binh hung hoa b,binh tan,san pham dinh duong cong thuc cho tre tu 0-12 thang tuoi mejiko gold baby,,F5/2B Ấp 6,Vĩnh Lộc A,Bình Chánh,66,2023-09-27,,,2023-08-05,2026-10-03,60.0,True
67,,,2023-09-25,2023-10-04,CÔNG TY CỔ PHẦN ĐẦU TƯ PHÁT TRIỂN VÀ SẢN XUẤT SAC,256/45/17 lien khu 4-5,binh hung hoa b,binh tan,san pham dinh duong cong thuc cho tre tu 6-36 thang tuoi mejiko gold kids,,F5/2B Ấp 6,Vĩnh Lộc A,Bình Chánh,67,2023-09-27,,,2023-08-05,2026-10-03,60.0,True
68,,,2023-09-25,2023-10-04,CÔNG TY CỔ PHẦN ĐẦU TƯ PHÁT TRIỂN VÀ SẢN XUẤT SAC,256/45/17 lien khu 4-5,binh hung hoa b,binh tan,san pham dinh duong cong thuc cho tre tu 1-15 tuoi mejiko gold pedia,,F5/2B Ấp 6,Vĩnh Lộc A,Bình Chánh,68,2023-09-27,,,2023-08-05,2026-10-03,60.0,True
69,,,2023-09-25,2023-10-04,CÔNG TY CỔ PHẦN ĐẦU TƯ PHÁT TRIỂN VÀ SẢN XUẤT SAC,256/45/17 lien khu 4-5,binh hung hoa b,binh tan,san pham dinh duong cong thuc cho tre tu 1-18 tuoi mejiko gold grow iq,,F5/2B Ấp 6,Vĩnh Lộc A,Bình Chánh,69,2023-09-27,,,2023-08-05,2026-10-03,60.0,True
70,,,2023-09-25,2023-10-04,CÔNG TY CỔ PHẦN ĐẦU TƯ PHÁT TRIỂN VÀ SẢN XUẤT SAC,256/45/17 lien khu 4-5,binh hung hoa b,binh tan,san pham dinh duong cong thuc cho tre tu 1 tuoi tro len mejiko gold weight gain,,F5/2B Ấp 6,Vĩnh Lộc A,Bình Chánh,70,2023-09-27,,,2023-08-05,2026-10-03,60.0,True
71,,,2023-10-13,2023-10-24,CÔNG TY TNHH THƯƠNG MẠI THỰC PHẨM DINH DƯỠNG XNK ADP GOLD,"476 nguyen van kha, ap phu hiep",phu hoa đong,cu chi,san pham dinh duong dhagold baby cho tre tu 0-12 thang tuoi,,"472/2 Đường Nguyễn Văn Khạ, ấp Phú Hiệp",Phú Hòa Đông,Củ Chi,71,2023-10-19,,,2023-08-25,2026-10-23,60.0,True
72,,,2023-10-13,2023-10-24,CÔNG TY TNHH THƯƠNG MẠI THỰC PHẨM DINH DƯỠNG XNK ADP GOLD,"476 nguyen van kha, ap phu hiep",phu hoa đong,cu chi,san pham dinh duong sakura baby cho tre tu 0-12 thang tuoi,,"472/2 Đường Nguyễn Văn Khạ, ấp Phú Hiệp",Phú Hòa Đông,Củ Chi,72,2023-10-19,,,2023-08-25,2026-10-23,60.0,True
73,,,2023-10-16,2023-10-25,CÔNG TY TNHH THƯƠNG MẠI THỰC PHẨM DINH DƯỠNG XNK ADP GOLD,"476 nguyen van kha, ap phu hiep",phu hoa đong,cu chi,san pham dinh duong sakura kao iq cho tre tu 1-12 tuoi,,"472/2 Đường Nguyễn Văn Khạ, ấp Phú Hiệp",Phú Hòa Đông,Củ Chi,73,2023-10-19,,,2023-08-26,2026-10-24,60.0,True
74,,,2023-10-16,2023-10-25,CÔNG TY TNHH THƯƠNG MẠI THỰC PHẨM DINH DƯỠNG XNK ADP GOLD,"476 nguyen van kha, ap phu hiep",phu hoa đong,cu chi,san pham dinh duong sakura digest cho tre tu 6 thang tuoi - 6 tuoi,,"472/2 Đường Nguyễn Văn Khạ, ấp Phú Hiệp",Phú Hòa Đông,Củ Chi,74,2023-10-19,,,2023-08-26,2026-10-24,60.0,True
75,,,2023-10-16,2023-10-25,CÔNG TY TNHH THƯƠNG MẠI THỰC PHẨM DINH DƯỠNG XNK ADP GOLD,"476 nguyen van kha, ap phu hiep",phu hoa đong,cu chi,san pham dinh duong sakura gain cho tre tu 1 tuoi tro len,,"472/2 Đường Nguyễn Văn Khạ, ấp Phú Hiệp",Phú Hòa Đông,Củ Chi,75,2023-10-19,,,2023-08-26,2026-10-24,60.0,True
76,,,2023-10-16,2023-10-25,CÔNG TY TNHH THƯƠNG MẠI THỰC PHẨM DINH DƯỠNG XNK ADP GOLD,"476 nguyen van kha, ap phu hiep",phu hoa đong,cu chi,san pham dinh duong sakura pedia cho tre tu 1-10 tuoi,,"472/2 Đường Nguyễn Văn Khạ, ấp Phú Hiệp",Phú Hòa Đông,Củ Chi,76,2023-10-19,,,2023-08-26,2026-10-24,60.0,True
77,,,2023-10-11,2023-10-20,CÔNG TY TNHH DƯỢC NUTRIPLUS,114/20 đuong so 18,binh hung hoa,binh tan,san pham dinh duong cong thuc cho tre tu 1 tuoi tro len stable pedia iq,,"Thửa 1117 và 1121, Tờ bản đồ 21, Ấp Rừng Sến",Mỹ Hạnh Bắc,Đức Hòa - Long An,77,2023-10-24,,,2023-08-21,2026-10-19,60.0,True
78,,,2023-10-24,2023-11-02,CÔNG TY TNHH XUẤT NHẬP KHẨU PHARMA KIDS,160/43 phan huy ich,12,go vap,san pham dinh duong danh cho tre tu 1 - 10 tuoi goodlife grow plus,,"116, ấp Hưng Hòa",Tân Khánh Trung ,"Lấp Vò, Tỉnh Đồng Tháp",78,2023-10-27,,,2023-09-03,2026-11-01,60.0,True
79,,,2023-10-24,2023-11-02,CÔNG TY TNHH XUẤT NHẬP KHẨU PHARMA KIDS,160/43 phan huy ich,12,go vap,san pham dinh duong danh cho tre tu 1 - 10 tuoi goodlife pedia plus,,"116, ấp Hưng Hòa",Tân Khánh Trung ,"Lấp Vò, Tỉnh Đồng Tháp",79,2023-10-27,,,2023-09-03,2026-11-01,60.0,True
80,,,2023-10-24,2023-11-02,CÔNG TY TNHH XUẤT NHẬP KHẨU PHARMA KIDS,160/43 phan huy ich,12,go vap,san pham dinh duong danh cho tre tu 0 - 12 thang tuoi goodlife new born,,"116, ấp Hưng Hòa",Tân Khánh Trung ,"Lấp Vò, Tỉnh Đồng Tháp",80,2023-10-27,,,2023-09-03,2026-11-01,60.0,True
81,,,2023-11-03,2023-11-14,CÔNG TY TNHH THƯƠNG MẠI DỊCH VỤ WINCARE FOOD,1366/9/3 quoc lo 1a,thoi an,12,san pham dinh duong nutrisure cao iq,,"Số 20 Đường 417, Tổ 6, Ấp 5",Phước Vĩnh An,Củ Chi,81,2023-11-07,,,2023-09-15,2026-11-13,60.0,True
82,,,2023-11-03,2023-11-15,CÔNG TY TNHH XUẤT NHẬP KHẨU PHARMA KIDS,160/43 phan huy ich,12,go vap,san pham dinh duong danh cho tre tu 0 - 12 tuoi pharmakids baby,,"116, ấp Hưng Hòa",Tân Khánh Trung ,"Lấp Vò, Tỉnh Đồng Tháp",82,2023-11-08,,,2023-09-16,2026-11-14,60.0,True
83,,,2023-11-03,2023-11-15,CÔNG TY TNHH XUẤT NHẬP KHẨU PHARMA KIDS,160/43 phan huy ich,12,go vap,san pham dinh duong danh cho tre tu 1 - 10 tuoi pharmakids pedia,,"116, ấp Hưng Hòa",Tân Khánh Trung ,"Lấp Vò, Tỉnh Đồng Tháp",83,2023-11-08,,,2023-09-16,2026-11-14,60.0,True
84,,,2023-11-03,2023-11-15,CÔNG TY TNHH XUẤT NHẬP KHẨU PHARMA KIDS,160/43 phan huy ich,12,go vap,san pham dinh duong danh cho tre tu 1 - 10 tuoi pharmakids grow,,"116, ấp Hưng Hòa",Tân Khánh Trung ,"Lấp Vò, Tỉnh Đồng Tháp",84,2023-11-08,,,2023-09-16,2026-11-14,60.0,True
85,,,2023-11-09,2023-11-21,CÔNG TY CỔ PHẦN ĐẦU TƯ PHÁT TRIỂN VÀ SẢN XUẤT SAC,256/45/17 lien khu 4-5,binh hung hoa b,binh tan,san pham dinh duong danh cho tre tu 0 đen 12 thang tuoi babikids a+ baby,,F5/2B Ấp 6,Vĩnh Lộc A,Bình Chánh,85,2023-11-14,,,2023-09-22,2026-11-20,60.0,True
86,,,2023-11-09,2023-11-21,CÔNG TY CỔ PHẦN ĐẦU TƯ PHÁT TRIỂN VÀ SẢN XUẤT SAC,256/45/17 lien khu 4-5,binh hung hoa b,binh tan,san pham dinh duong cong thuc sumoki k2+d3 colostrum baby danh cho tre tu 0-12 thang tuoi,,F5/2B Ấp 6,Vĩnh Lộc A,Bình Chánh,86,2023-11-14,,,2023-09-22,2026-11-20,60.0,True
87,,,2023-11-23,2023-12-04,CÔNG TY TNHH CHẾ BIẾN THỰC PHẨM VIỆT Ý,17a tran van can,tan thoi hoa,tan phu,san pham dinh duong cong thuc cho tre tu 0-12 thang tuoi nutrition-hmo colostrum,,"364C, Đường Nguyễn Thị Lắng",Phước Vĩnh An,Củ Chi,87,2023-11-29,,,2023-10-05,2026-12-03,60.0,True
88,,,2023-11-27,2023-12-07,CÔNG TY CỔ PHẦN ĐẦU TƯ PHÁT TRIỂN VÀ SẢN XUẤT SAC,256/45/17 lien khu 4-5,binh hung hoa b,binh tan,san pham dinh duong cong thuc grow iq plus 3+ danh cho tre tu 1-15 tuoi,,F5/2B Ấp 6,Vĩnh Lộc A,Bình Chánh,88,2023-11-30,,,2023-10-08,2026-12-06,60.0,True
89,,,2023-11-27,2023-12-07,CÔNG TY CỔ PHẦN ĐẦU TƯ PHÁT TRIỂN VÀ SẢN XUẤT SAC,256/45/17 lien khu 4-5,binh hung hoa b,binh tan,san pham dinh duong cong thuc merrit 1+ danh cho tre tu 6 thang tuoi tro len,,F5/2B Ấp 6,Vĩnh Lộc A,Bình Chánh,89,2023-11-30,,,2023-10-08,2026-12-06,60.0,True
90,,,2023-11-27,2023-12-07,CÔNG TY CỔ PHẦN ĐẦU TƯ PHÁT TRIỂN VÀ SẢN XUẤT SAC,256/45/17 lien khu 4-5,binh hung hoa b,binh tan,san pham dinh duong cong thuc merrit 3 danh cho tre tu 1 tuoi tro len,,F5/2B Ấp 6,Vĩnh Lộc A,Bình Chánh,90,2023-11-30,,,2023-10-08,2026-12-06,60.0,True
91,,,2023-11-27,2023-12-07,CÔNG TY CỔ PHẦN DINH DƯỠNG QUỐC TẾ PHARMA ASIA,207 nhi binh 3,nhi binh,hoc mon,san pham dinh duong cho tre tu 1 - 10 tuoi omega 3 pedia smart,,207 Nhị Bình 3,Nhị Bình,Hóc Môn,91,2023-11-30,,,2023-10-08,2026-12-06,60.0,True
92,,,2023-11-27,2023-12-06,CÔNG TY TNHH DINH DƯỠNG ASIA,"tang 1, bcons tower 2, 42/1 ung van khiem",25,binh thanh,san pham dinh duong danh cho tre tu 0-12 thang tuoi asia nutri baby gold 1,,Đường TL 286,Yên Phụ,Yên Phong - tỉnh Bắc Ninh,92,2023-12-01,,,2023-10-07,2026-12-05,60.0,True
93,,,2023-11-27,2023-12-07,CÔNG TY TNHH DINH DƯỠNG ASIA,"tang 1, bcons tower 2, 42/1 ung van khiem",25,binh thanh,san pham dinh duong danh cho tre tu 6-36 thang tuoi asia nutri kids gold 2,,Đường TL 286,Yên Phụ,Yên Phong - tỉnh Bắc Ninh,93,2023-12-01,,,2023-10-08,2026-12-06,60.0,True
94,,,2023-11-27,2023-12-07,CÔNG TY TNHH DINH DƯỠNG ASIA,"tang 1, bcons tower 2, 42/1 ung van khiem",25,binh thanh,san pham dinh duong danh cho tre tu 1-10 tuoi asia nutri pedia gold 3,,Đường TL 286,Yên Phụ,Yên Phong - tỉnh Bắc Ninh,94,2023-12-01,,,2023-10-08,2026-12-06,60.0,True
95,,,2023-11-27,2023-12-07,CÔNG TY TNHH DINH DƯỠNG ASIA,"tang 1, bcons tower 2, 42/1 ung van khiem",25,binh thanh,san pham dinh duong danh cho tre tu 1-15 tuoi asia nutri kao iq 4,,Đường TL 286,Yên Phụ,Yên Phong - tỉnh Bắc Ninh,95,2023-12-01,,,2023-10-08,2026-12-06,60.0,True
96,,,2023-11-28,2023-12-07,CÔNG TY CỔ PHẦN DINH DƯỠNG QUỐC TẾ PHARMA ASIA,207 nhi binh 3,nhi binh,hoc mon,san pham dinh duong cho tre tu 1 - 10 tuoi nano pedia smart,,207 Nhị Bình 3,Nhị Bình,Hóc Môn,96,2023-12-04,,,2023-10-08,2026-12-06,60.0,True
97,,,2023-11-28,2023-12-07,CÔNG TY CỔ PHẦN DINH DƯỠNG QUỐC TẾ PHARMA ASIA,207 nhi binh 3,nhi binh,hoc mon,san pham dinh duong cho tre tu 1 - 15 tuoi nano cao iq,,207 Nhị Bình 3,Nhị Bình,Hóc Môn,97,2023-12-04,,,2023-10-08,2026-12-06,60.0,True
98,,,2023-11-28,2023-12-07,CÔNG TY CỔ PHẦN DINH DƯỠNG QUỐC TẾ PHARMA ASIA,207 nhi binh 3,nhi binh,hoc mon,san pham dinh duong cho tre tu 1 - 15 tuoi omega 3 cao iq,,207 Nhị Bình 3,Nhị Bình,Hóc Môn,98,2023-12-04,,,2023-10-08,2026-12-06,60.0,True
99,,,2023-11-30,2023-12-11,CÔNG TY TNHH XUẤT NHẬP KHẨU DAIRYFOOD,"17 nguyen van cu, khu pho 4",tan tao a,binh tan,san pham dinh duong cong thuc danh cho tre tu 1 tuoi tro len sukumilk gold iq plus,,"17 Nguyễn Văn Cừ, Khu phố 4",Tân Tạo A,Bình Tân,99,2023-12-05,,,2023-10-12,2026-12-10,60.0,True
100,,,2023-11-30,2023-12-11,CÔNG TY TNHH XUẤT NHẬP KHẨU DAIRYFOOD,"17 nguyen van cu, khu pho 4",tan tao a,binh tan,san pham dinh duong cong thuc danh cho tre tu 1 tuoi tro len sukumilk gold grow plus,,"17 Nguyễn Văn Cừ, Khu phố 4",Tân Tạo A,Bình Tân,100,2023-12-05,,,2023-10-12,2026-12-10,60.0,True
101,,,2023-12-11,2023-12-21,CÔNG TY CỔ PHẦN ĐẦU TƯ PHÁT TRIỂN VÀ SẢN XUẤT SAC,256/45/17 lien khu 4-5,binh hung hoa b,binh tan,san pham dinh duong cong thuc sure iq pedia danh cho tre tu 1-10 tuoi,,F5/2B Ấp 6,Vĩnh Lộc A,Bình Chánh,101,2023-12-14,,,2023-10-22,2026-12-20,60.0,True
102,,,2023-12-11,2023-12-21,CÔNG TY CỔ PHẦN ĐẦU TƯ PHÁT TRIỂN VÀ SẢN XUẤT SAC,256/45/17 lien khu 4-5,binh hung hoa b,binh tan,san pham dinh duong cong thuc sure iq baby danh cho tre tu 0-12 thang tuoi,,F5/2B Ấp 6,Vĩnh Lộc A,Bình Chánh,102,2023-12-14,,,2023-10-22,2026-12-20,60.0,True
103,,,2023-12-11,2023-12-21,CÔNG TY CỔ PHẦN ĐẦU TƯ PHÁT TRIỂN VÀ SẢN XUẤT SAC,256/45/17 lien khu 4-5,binh hung hoa b,binh tan,san pham dinh duong cong thuc sure iq kids gold danh cho tre tu 6-36 thang tuoi,,F5/2B Ấp 6,Vĩnh Lộc A,Bình Chánh,103,2023-12-14,,,2023-10-22,2026-12-20,60.0,True
104,,,2023-12-14,2023-12-25,CÔNG TY CỔ PHẦN ĐẦU TƯ PHÁT TRIỂN VÀ SẢN XUẤT SAC,256/45/17 lien khu 4-5,binh hung hoa b,binh tan,san pham dinh duong cong thuc sure iq grow iq danh cho tre tu 1-15 tuoi,,F5/2B Ấp 6,Vĩnh Lộc A,Bình Chánh,104,2023-12-19,,,2023-10-26,2026-12-24,60.0,True
105,,,2023-12-14,2023-12-25,CÔNG TY CỔ PHẦN ĐẦU TƯ PHÁT TRIỂN VÀ SẢN XUẤT SAC,256/45/17 lien khu 4-5,binh hung hoa b,binh tan,san pham dinh duong cong thuc colos a+ baby danh cho tre tu 0-12 thang tuoi,,F5/2B Ấp 6,Vĩnh Lộc A,Bình Chánh,105,2023-12-19,,,2023-10-26,2026-12-24,60.0,True
106,,,2023-12-14,2023-12-25,CÔNG TY CỔ PHẦN ĐẦU TƯ PHÁT TRIỂN VÀ SẢN XUẤT SAC,256/45/17 lien khu 4-5,binh hung hoa b,binh tan,san pham dinh duong cong thuc ponlait infnant danh cho tre tu 0-12 thang tuoi,,F5/2B Ấp 6,Vĩnh Lộc A,Bình Chánh,106,2023-12-19,,,2023-10-26,2026-12-24,60.0,True
107,,,2023-12-14,2023-12-25,CÔNG TY CỔ PHẦN ĐẦU TƯ PHÁT TRIỂN VÀ SẢN XUẤT SAC,256/45/17 lien khu 4-5,binh hung hoa b,binh tan,san pham dinh duong cong thuc ponlait diest danh cho tre tu 6-36 thang tuoi,,F5/2B Ấp 6,Vĩnh Lộc A,Bình Chánh,107,2023-12-19,,,2023-10-26,2026-12-24,60.0,True
108,,,2023-12-14,2023-12-25,CÔNG TY CỔ PHẦN ĐẦU TƯ PHÁT TRIỂN VÀ SẢN XUẤT SAC,256/45/17 lien khu 4-5,binh hung hoa b,binh tan,san pham dinh duong cong thuc colos a+ kids gold danh cho tre tu 6-36 thang tuoi,,F5/2B Ấp 6,Vĩnh Lộc A,Bình Chánh,108,2023-12-19,,,2023-10-26,2026-12-24,60.0,True
109,,,2023-12-15,2023-12-26,CÔNG TY CỔ PHẦN THƯƠNG MẠI SẢN XUẤT TÂN ÚC VIỆT,"lo 60, đuong so 2, khu cong nghiep tan tao",tan tao,binh tan,san pham dinh duong cong thuc arti gain pedia danh cho tre tu 0-1 tuoi,,"Lô 60, Đường số 2, Khu Công nghiệp Tân Tạo",Tân Tạo,Bình Tân,109,2023-12-21,,,2023-10-27,2026-12-25,60.0,True
110,,,2023-12-15,2023-12-26,CÔNG TY CỔ PHẦN THƯƠNG MẠI SẢN XUẤT TÂN ÚC VIỆT,"lo 60, đuong so 2, khu cong nghiep tan tao",tan tao,binh tan,san pham dinh duong cong thuc arti gain pedia danh cho tre tu 2-10 tuoi,,"Lô 60, Đường số 2, Khu Công nghiệp Tân Tạo",Tân Tạo,Bình Tân,110,2023-12-21,,,2023-10-27,2026-12-25,60.0,True
111,,,2023-12-21,2024-01-02,CÔNG TY CỔ PHẦN THƯƠNG MẠI SẢN XUẤT TÂN ÚC VIỆT,"lo 60, đuong so 2, khu cong nghiep tan tao",tan tao,binh tan,san pham dinh duong cong thuc arti gain pedia danh cho tre tu 2-10 tuoi,,"Lô 60, Đường số 2, Khu Công nghiệp Tân Tạo",Tân Tạo,Bình Tân,111,2023-12-26,,,2023-11-03,2027-01-01,60.0,True
112,,,2023-12-21,2024-01-02,CÔNG TY CỔ PHẦN ĐẦU TƯ PHÁT TRIỂN VÀ SẢN XUẤT SAC,256/45/17 lien khu 4-5,binh hung hoa b,binh tan,san pham dinh duong cong thuc danh cho tre tu 0-12 thang tuoi baby stemp 1+,,F5/2B Ấp 6,Vĩnh Lộc A,Bình Chánh,112,2023-12-26,,,2023-11-03,2027-01-01,60.0,True
113,,,2023-12-25,2024-01-04,CÔNG TY CỔ PHẦN ĐẦU TƯ PHÁT TRIỂN VÀ SẢN XUẤT SAC,256/45/17 lien khu 4-5,binh hung hoa b,binh tan,san pham dinh duong cong thuc danh cho tre tu 1-10 tuoi kids care pedia gold,,F5/2B Ấp 6,Vĩnh Lộc A,Bình Chánh,113,2023-12-28,,,2023-11-05,2027-01-03,60.0,True
114,,,2023-12-25,2024-01-04,CÔNG TY CỔ PHẦN ĐẦU TƯ PHÁT TRIỂN VÀ SẢN XUẤT SAC,256/45/17 lien khu 4-5,binh hung hoa b,binh tan,san pham dinh duong cong thuc danh cho tre tu 1-15 tuoi biotar iq grow,,F5/2B Ấp 6,Vĩnh Lộc A,Bình Chánh,114,2023-12-28,,,2023-11-05,2027-01-03,60.0,True
115,,,2023-12-25,2024-01-04,CÔNG TY CỔ PHẦN ĐẦU TƯ PHÁT TRIỂN VÀ SẢN XUẤT SAC,256/45/17 lien khu 4-5,binh hung hoa b,binh tan,san pham dinh duong cong thuc danh cho tre tu 0-12 thang tuoi colosmill baby gold,,F5/2B Ấp 6,Vĩnh Lộc A,Bình Chánh,115,2023-12-28,,,2023-11-05,2027-01-03,60.0,True
116,,,2023-12-25,2024-01-05,CÔNG TY TNHH MỘT THÀNH VIÊN PAPAFOOD,84e nguyen đinh chieu,đa kao,1,banh an dam papapuffs fingers vi chuoi va ca cao - 100% ngu coc huu co,,135/28 + 135/30 đường Nguyễn Cửu Vân,17,Bình Thạnh,116,2023-12-28,,,2023-11-06,2027-01-04,60.0,True
117,,,2023-12-25,2024-01-05,CÔNG TY TNHH MỘT THÀNH VIÊN PAPAFOOD,84e nguyen đinh chieu,đa kao,1,banh an dam papapuffs fingers vi bi đo va khoai lang tim - 100% ngu coc huu co,,135/28 + 135/30 đường Nguyễn Cửu Vân,17,Bình Thạnh,117,2023-12-28,,,2023-11-06,2027-01-04,60.0,True
118,,,2023-12-25,2024-01-05,CÔNG TY TNHH MỘT THÀNH VIÊN PAPAFOOD,84e nguyen đinh chieu,đa kao,1,banh an dam papapuffs fingers vi rong bien va ca rot - 100% ngu coc huu co,,135/28 + 135/30 đường Nguyễn Cửu Vân,17,Bình Thạnh,118,2023-12-28,,,2023-11-06,2027-01-04,60.0,True
119,,,2023-12-28,2023-01-09,CÔNG TY TNHH CHẾ BIẾN THỰC PHẨM VIỆT Ý,17a tran van can,tan thoi hoa,tan phu,san pham dinh duong cong thuc cow true milk hoc đuong,,"364C, Đường Nguyễn Thị Lắng",Phước Vĩnh An,Củ Chi,119,2023-12-29,,,2022-11-10,2026-01-08,60.0,True
120,,,,,,,,,,,,,,120,,,,,,,False
121,,,,,,,,,,,,,,121,,,,,,,False
122,,,,,,,,,,,,,,122,,,,,,,False
123,,,,,,,,,,,,,,123,,,,,,,False
124,,,,,,,,,,,,,,124,,,,,,,False
125,,,,,,,,,,,,,,125,,,,,,,False
126,,,,,,,,,,,,,,126,,,,,,,False
127,,,,,,,,,,,,,,127,,,,,,,False
128,,,,,,,,,,,,,,128,,,,,,,False
